Title,Price,Rating,Image URL,Result Type,Product URL
"Lenovo V14 Intel Core i3 13th Gen 14"" FHD (1920x1080) Antiglare 250 Nits Thin and Light Laptop (16GB RAM/512GB SSD/Windows 11 Home/Office Home 2024/Iron Grey/1.43 kg), 83A0A0PCIN",₹56990,3.7 out of 5 stars,https://m.media-amazon.com/images/I/71odoZVRgaL._AC_UY218_.jpg,Ad,https://www.amazon.in/sspa/click?ie=UTF8&spc=MToxNDA5NzEyODg4MTU4OTIxOjE3ODA5MDgxNDE6c3BfYXRmOjMwMDY5NjkxMDA2MTgzMjo6MDo6&url=%2FLenovo-1920x1080-Antiglare-Windows-83A0A0PCIN%2Fdp%2FB0FNQZ9HWX%2Fref%3Dsr_1_1_sspa%3Fdib%3DeyJ2IjoiMSJ9.kw5DGyC8VdqFtiPAcH4nJUwsL8RZp_HP_5L_p915PoSn0AAl2Pc1WcSME3hwCDVy6b41mzJM5QLpJ-9JYErCUlcFDuXAKlQQRzOwzP39f92Ak0Ve6g1dQrak4NtAE-mEZxSReGKD9kf6MuOtOkggOvd7-YXz49tJySU8jgeC6Ami2DhJQprLE3ClLUAglycxJ8D2iAvU2cAo9KUvQGL_gxyJFm3VLc109VUkua2F6Hw.BG9ARPVCp8mQk5BrPU2pvJ5PreU6nAgZQVyxAItNwjE%26dib_tag%3Dse%26keywords%3Dlaptops%26qid%3D1780908141%26sr%3D8-1-spons%26aref%3DM0zFv9qL7N%26sp_csd%3Dd2lkZ2V0TmFtZT1zcF9hdGY%26psc%3D1&aref=M0zFv9qL7N&sp_cr=ZAZ
"HP Smartchoice OmniBook 5 OLED (Previously Pavilion), Snapdragon X Processor (16GB LPDDR5x, 512GB SSD) 2K, 14''/35.6cm, Win11, M365(1yr)* Office24, Silver, 1.35kg, he0014QU, Next-Gen AI Laptop",₹79990,4.2 out of 5 stars,https://m.media-amazon.com/images/I/71ZlIDunitL._AC_UY218_.jpg,Ad,https://www.amazon.in/sspa/click?ie=UTF8&spc=MToxNDA5NzEyODg4MTU4OTIxOjE3ODA5MDgxNDE6c3BfYXRmOjMwMTA3NzY5NjM1NTUzMjo6MDo6&url=%2FHP-Previously-Snapdragon-Processor-Light-Weight%2Fdp%2FB0F8P4Y7VF%2Fref%3Dsr_1_2_sspa%3Fdib%3DeyJ2IjoiMSJ9.kw5DGyC8VdqFtiPAcH4nJUwsL8RZp_HP_5L_p915PoSn0AAl2Pc1WcSME3hwCDVy6b41mzJM5QLpJ-9JYErCUlcFDuXAKlQQRzOwzP39f92Ak0Ve6g1dQrak4NtAE-mEZxSReGKD9kf6MuOtOkggOvd7-YXz49tJySU8jgeC6Ami2DhJQprLE3ClLUAglycxJ8D2iAvU2cAo9KUvQGL_gxyJFm3VLc109VUkua2F6Hw.BG9ARPVCp8mQk5BrPU2pvJ5PreU6nAgZQVyxAItNwjE%26dib_tag%3Dse%26keywords%3Dlaptops%26qid%3D1780908141%26sr%3D8-2-spons%26aref%3D5PpUNM42iT%26sp_csd%3Dd2lkZ2V0TmFtZT1zcF9hdGY%26psc%3D1&aref=5PpUNM42iT&sp_cr=ZAZ
"Dell 15 (Previously Inspiron) Laptop, 14th Gen Intel Core i3/Core 3 100U Processor, 8GB DDR4, 512 SSD, 15.6"" FHD 120Hz IPS 250 nit Display, Win 11 + Office H&S 2024, Carbon Black, Thin & Light 1.63Kg",₹45490,4.1 out of 5 stars,https://m.media-amazon.com/images/I/717WZ7WriwL._AC_UY218_.jpg,Organic,https://www.amazon.in/Dell-Previously-Inspiron-Processor-Display/dp/B0BQJ68HHC/ref=sr_1_3?dib=eyJ2IjoiMSJ9.kw5DGyC8VdqFtiPAcH4nJUwsL8RZp_HP_5L_p915PoSn0AAl2Pc1WcSME3hwCDVy6b41mzJM5QLpJ-9JYErCUlcFDuXAKlQQRzOwzP39f92Ak0Ve6g1dQrak4NtAE-mEZxSReGKD9kf6MuOtOkggOvd7-YXz49tJySU8jgeC6Ami2DhJQprLE3ClLUAglycxJ8D2iAvU2cAo9KUvQGL_gxyJFm3VLc109VUkua2F6Hw.BG9ARPVCp8mQk5BrPU2pvJ5PreU6nAgZQVyxAItNwjE&dib_tag=se&keywords=laptops&qid=1780908141&sr=8-3
"Lenovo V15 G4 AMD Athlon Silver 7120U Laptop 8GB LPDDR5 Ram, 512 GB SSD PCIe, Windows 11 Lifetime Validity,15.6"" FHD Screen, AMD Radeon 610M, Silver, 1 Year Brand Warranty",₹42999,4.0 out of 5 stars,https://m.media-amazon.com/images/I/61AccNkmFFL._AC_UY218_.jpg,Organic,https://www.amazon.in/Lenovo-V15-Lifetime-Validity-Warranty/dp/B0CL7CMTXS/ref=sr_1_4?dib=eyJ2IjoiMSJ9.kw5DGyC8VdqFtiPAcH4nJUwsL8RZp_HP_5L_p915PoSn0AAl2Pc1WcSME3hwCDVy6b41mzJM5QLpJ-9JYErCUlcFDuXAKlQQRzOwzP39f92Ak0Ve6g1dQrak4NtAE-mEZxSReGKD9kf6MuOtOkggOvd7-YXz49tJySU8jgeC6Ami2DhJQprLE3ClLUAglycxJ8D2iAvU2cAo9KUvQGL_gxyJFm3VLc109VUkua2F6Hw.BG9ARPVCp8mQk5BrPU2pvJ5PreU6nAgZQVyxAItNwjE&dib_tag=se&keywords=laptops&qid=1780908141&sr=8-4
"Acer Smartchoice Aspire One, Intel Core Celeron N4500, Office 2024 + M365 Basic, 12GB LPDDR4X / 512GB SSD, 14.0""/35.56cm TN HD Display, Win 11 Home, Pure Silver, 1.3KG, A114-45, Thin and Light Laptop",₹38990,3.3 out of 5 stars,https://m.media-amazon.com/images/I/71uoRYyilhL._AC_UY218_.jpg,Organic,https://www.amazon.in/Acer-Smartchoice-Celeron-LPDDR4X-A114-45/dp/B0GW8JNM6J/ref=sr_1_5?dib=eyJ2IjoiMSJ9.kw5DGyC8VdqFtiPAcH4nJUwsL8RZp_HP_5L_p915PoSn0AAl2Pc1WcSME3hwCDVy6b41mzJM5QLpJ-9JYErCUlcFDuXAKlQQRzOwzP39f92Ak0Ve6g1dQrak4NtAE-mEZxSReGKD9kf6MuOtOkggOvd7-YXz49tJySU8jgeC6Ami2DhJQprLE3ClLUAglycxJ8D2iAvU2cAo9KUvQGL_gxyJFm3VLc109VUkua2F6Hw.BG9ARPVCp8mQk5BrPU2pvJ5PreU6nAgZQVyxAItNwjE&dib_tag=se&keywords=laptops&qid=1780908141&sr=8-5
"HP 15 255R G10, AMD Ryzen 5 7535U Hexa Core (6 Core, 12 Threads, 2.9 to Max 4.3 Ghz) (8 GB/512 GB SSD/AMD Radeon Graphics/dos) Thin and Light Laptop(15.6 inch HD Display, Matt Silver, 1.45",₹47590,4.2 out of 5 stars,https://m.media-amazon.com/images/I/71rDlgf2Q6L._AC_UY218_.jpg,Organic,https://www.amazon.in/HP-G10-Threads-Graphics-Display/dp/B0G7YY5JV5/ref=sr_1_6?dib=eyJ2IjoiMSJ9.kw5DGyC8VdqFtiPAcH4nJUwsL8RZp_HP_5L_p915PoSn0AAl2Pc1WcSME3hwCDVy6b41mzJM5QLpJ-9JYErCUlcFDuXAKlQQRzOwzP39f92Ak0Ve6g1dQrak4NtAE-mEZxSReGKD9kf6MuOtOkggOvd7-YXz49tJySU8jgeC6Ami2DhJQprLE3ClLUAglycxJ8D2iAvU2cAo9KUvQGL_gxyJFm3VLc109VUkua2F6Hw.BG9ARPVCp8mQk5BrPU2pvJ5PreU6nAgZQVyxAItNwjE&dib_tag=se&keywords=laptops&qid=1780908141&sr=8-6
"ASUS Chromebook CX1405 (2026), Smartchoice,Intel N50 Processor, Intel UHD iGPU, 8GB RAM, 128GB SSD, FHD, 14"" (35.5 cm), Chrome OS, Pure Grey, 1.39 Kg, CX1405CTA-S60622, 42WHrs, Thin & Light Laptop",₹30990,2.7 out of 5 stars,https://m.media-amazon.com/images/I/616Jpqwdp3L._AC_UY218_.jpg,Organic,https://www.amazon.in/ASUS-Chromebook-Smartchoice-Processor-CX1405CTA-S60622/dp/B0GN2Y3T6M/ref=sr_1_7?dib=eyJ2IjoiMSJ9.kw5DGyC8VdqFtiPAcH4nJUwsL8RZp_HP_5L_p915PoSn0AAl2Pc1WcSME3hwCDVy6b41mzJM5QLpJ-9JYErCUlcFDuXAKlQQRzOwzP39f92Ak0Ve6g1dQrak4NtAE-mEZxSReGKD9kf6MuOtOkggOvd7-YXz49tJySU8jgeC6Ami2DhJQprLE3ClLUAglycxJ8D2iAvU2cAo9KUvQGL_gxyJFm3VLc109VUkua2F6Hw.BG9ARPVCp8mQk5BrPU2pvJ5PreU6nAgZQVyxAItNwjE&dib_tag=se&keywords=laptops&qid=1780908141&sr=8-7
"ASUS TUF A15 (2025), AMD Ryzen 7 7445HS,RTX 3050-4GB,75W TGP,16GB DDR5(Upgradeable Upto 64GB) 512GB SSD,FHD,15.6"",144Hz,RGB Keyboard,Windows 11,Graphite Black,2.3 Kg FA506NCG-HN199W, Gaming Laptop",₹68990,4.2 out of 5 stars,https://m.media-amazon.com/images/I/71K4CpdfmHL._AC_UY218_.jpg,Organic,https://www.amazon.in/ASUS-Upgradeable-Keyboard-Graphite-FA506NCG-HN199W/dp/B0FM3C4L2F/ref=sr_1_8?dib=eyJ2IjoiMSJ9.kw5DGyC8VdqFtiPAcH4nJUwsL8RZp_HP_5L_p915PoSn0AAl2Pc1WcSME3hwCDVy6b41mzJM5QLpJ-9JYErCUlcFDuXAKlQQRzOwzP39f92Ak0Ve6g1dQrak4NtAE-mEZxSReGKD9kf6MuOtOkggOvd7-YXz49tJySU8jgeC6Ami2DhJQprLE3ClLUAglycxJ8D2iAvU2cAo9KUvQGL_gxyJFm3VLc109VUkua2F6Hw.BG9ARPVCp8mQk5BrPU2pvJ5PreU6nAgZQVyxAItNwjE&dib_tag=se&keywords=laptops&qid=1780908141&sr=8-8
"HP 15, AMD Ryzen 5 7520U,(16GB LPDDR5, 512GB SSD), Anti-Glare, Micro-Edge, FHD, 15.6''/39.6cm, Win 11, Office 24,M365 Basic(1yr)*,Silver, 1.59kg, fc0690au, FHD Camera, Backlit KB Laptop",₹54990,4.0 out of 5 stars,https://m.media-amazon.com/images/I/71qeL9SvpeL._AC_UY218_.jpg,Organic,https://www.amazon.in/HP-Anti-Glare-Micro-Edge-fc0690au-Graphics/dp/B0CY2PLQ8N/ref=sr_1_9?dib=eyJ2IjoiMSJ9.kw5DGyC8VdqFtiPAcH4nJUwsL8RZp_HP_5L_p915PoSn0AAl2Pc1WcSME3hwCDVy6b41mzJM5QLpJ-9JYErCUlcFDuXAKlQQRzOwzP39f92Ak0Ve6g1dQrak4NtAE-mEZxSReGKD9kf6MuOtOkggOvd7-YXz49tJySU8jgeC6Ami2DhJQprLE3ClLUAglycxJ8D2iAvU2cAo9KUvQGL_gxyJFm3VLc109VUkua2F6Hw.BG9ARPVCp8mQk5BrPU2pvJ5PreU6nAgZQVyxAItNwjE&dib_tag=se&keywords=laptops&qid=1780908141&sr=8-9
"Acer Aspire Lite, AMD Ryzen 3-7330U, Office 2024 + M365 Basic,8GB RAM, 256GB SSD, Full HD IPS, 15.6""/39.62 cm, Windows 11 Home, Steel Gray, 1.59 KG, AL15-41, Metal Body, Premium Thin and Light Laptop",₹41990,N/A,https://m.media-amazon.com/images/I/513p8BwV-RL._AC_UY218_.jpg,Organic,https://www.amazon.in/Acer-3-7330U-Windows-AL15-41-Premium/dp/B0GXYV3XR4/ref=sr_1_10?dib=eyJ2IjoiMSJ9.kw5DGyC8VdqFtiPAcH4nJUwsL8RZp_HP_5L_p915PoSn0AAl2Pc1WcSME3hwCDVy6b41mzJM5QLpJ-9JYErCUlcFDuXAKlQQRzOwzP39f92Ak0Ve6g1dQrak4NtAE-mEZxSReGKD9kf6MuOtOkggOvd7-YXz49tJySU8jgeC6Ami2DhJQprLE3ClLUAglycxJ8D2iAvU2cAo9KUvQGL_gxyJFm3VLc109VUkua2F6Hw.BG9ARPVCp8mQk5BrPU2pvJ5PreU6nAgZQVyxAItNwjE&dib_tag=se&keywords=laptops&qid=1780908141&sr=8-10
"Lenovo IdeaPad Slim 3 13th Gen Core i5-13420H 15.3 inch (38.8cm) WUXGA IPS Laptop (16GB RAM/512GB SSD/Windows 11/Office Home 2024/Top Metal Cover/Backlit Keyboard/1Yr ADP/Grey/1.6Kg), 83K100S3IN",₹65500,2.3 out of 5 stars,https://m.media-amazon.com/images/I/71D9HSayVSL._AC_UY218_.jpg,Ad,https://www.amazon.in/sspa/click?ie=UTF8&spc=MToxNDA5NzEyODg4MTU4OTIxOjE3ODA5MDgxNDE6c3BfbXRmOjMwMDk2MTU0OTkxNjEzMjo6MDo6&url=%2FLenovo-IdeaPad-i5-13420H-Keyboard-83K100S3IN%2Fdp%2FB0GDQFZBQC%2Fref%3Dsr_1_11_sspa%3Fdib%3DeyJ2IjoiMSJ9.kw5DGyC8VdqFtiPAcH4nJUwsL8RZp_HP_5L_p915PoSn0AAl2Pc1WcSME3hwCDVy6b41mzJM5QLpJ-9JYErCUlcFDuXAKlQQRzOwzP39f92Ak0Ve6g1dQrak4NtAE-mEZxSReGKD9kf6MuOtOkggOvd7-YXz49tJySU8jgeC6Ami2DhJQprLE3ClLUAglycxJ8D2iAvU2cAo9KUvQGL_gxyJFm3VLc109VUkua2F6Hw.BG9ARPVCp8mQk5BrPU2pvJ5PreU6nAgZQVyxAItNwjE%26dib_tag%3Dse%26keywords%3Dlaptops%26qid%3D1780908141%26sr%3D8-11-spons%26aref%3D3BmXYKHCxf%26sp_csd%3Dd2lkZ2V0TmFtZT1zcF9tdGY%26psc%3D1&aref=3BmXYKHCxf&sp_cr=ZAZ
"Lenovo Ideapad Slim 3, 13th Gen Intel Core i7 13620H, 16GB RAM, 512GB SSD, WUXGA IPS, 15.3""/38.8cm, Win 11, Office 2024, Top Metal Cover Grey, 1.6Kg, 83K100CJIN/S1IN, Backlit KB, Laptop",₹79990,4.2 out of 5 stars,https://m.media-amazon.com/images/I/71IjxF4prWL._AC_UY218_.jpg,Ad,https://www.amazon.in/sspa/click?ie=UTF8&spc=MToxNDA5NzEyODg4MTU4OTIxOjE3ODA5MDgxNDE6c3BfbXRmOjMwMDk2MTU0OTkxNjgzMjo6MDo6&url=%2FLenovo-Smartchoice-I7-13620H-Keyboard-83K100CJIN%2Fdp%2FB0F2162VGQ%2Fref%3Dsr_1_12_sspa%3Fdib%3DeyJ2IjoiMSJ9.kw5DGyC8VdqFtiPAcH4nJUwsL8RZp_HP_5L_p915PoSn0AAl2Pc1WcSME3hwCDVy6b41mzJM5QLpJ-9JYErCUlcFDuXAKlQQRzOwzP39f92Ak0Ve6g1dQrak4NtAE-mEZxSReGKD9kf6MuOtOkggOvd7-YXz49tJySU8jgeC6Ami2DhJQprLE3ClLUAglycxJ8D2iAvU2cAo9KUvQGL_gxyJFm3VLc109VUkua2F6Hw.BG9ARPVCp8mQk5BrPU2pvJ5PreU6nAgZQVyxAItNwjE%26dib_tag%3Dse%26keywords%3Dlaptops%26qid%3D1780908141%26sr%3D8-12-spons%26aref%3D1d0KZd47QZ%26sp_csd%3Dd2lkZ2V0TmFtZT1zcF9tdGY%26psc%3D1&aref=1d0KZd47QZ&sp_cr=ZAZ
"ASUS Vivobook 15, Smartchoice,Intel Core i5 13th Gen 13420H,16GB RAM, 512GB SSD, FHD 15.6"",Windows 11, Office Home 2024, Quiet Blue, 1.70 kg, X1502VA-BQ836WS,Intel UHD iGPU, M365 Basic (1Year)* Laptop",₹59990,4.2 out of 5 stars,https://m.media-amazon.com/images/I/818iNyzckGL._AC_UY218_.jpg,Organic,https://www.amazon.in/ASUS-Vivobook-i5-13420H-Keyboard-X1502VA-BQ836WS/dp/B0DTYKLHYC/ref=sr_1_13?dib=eyJ2IjoiMSJ9.kw5DGyC8VdqFtiPAcH4nJUwsL8RZp_HP_5L_p915PoSn0AAl2Pc1WcSME3hwCDVy6b41mzJM5QLpJ-9JYErCUlcFDuXAKlQQRzOwzP39f92Ak0Ve6g1dQrak4NtAE-mEZxSReGKD9kf6MuOtOkggOvd7-YXz49tJySU8jgeC6Ami2DhJQprLE3ClLUAglycxJ8D2iAvU2cAo9KUvQGL_gxyJFm3VLc109VUkua2F6Hw.BG9ARPVCp8mQk5BrPU2pvJ5PreU6nAgZQVyxAItNwjE&dib_tag=se&keywords=laptops&qid=1780908141&sr=8-13
"MSI Thin A15, AMD 7th Gen. Ryzen 7 7735HS, 40CM FHD 144Hz Gaming Laptop (16GB/1TB NVMe SSD/Windows 11 Home/NVIDIA GeForce RTX 3050, GDDR6 4GB/Cosmos Gray/1.8Kg) B7UC-103IN",₹65990,4.5 out of 5 stars,https://m.media-amazon.com/images/I/71kuEUDZ-1L._AC_UY218_.jpg,Organic,https://www.amazon.in/MSI-7735HS-Windows-GeForce-B7UC-103IN/dp/B097PM1MBH/ref=sr_1_14?dib=eyJ2IjoiMSJ9.kw5DGyC8VdqFtiPAcH4nJUwsL8RZp_HP_5L_p915PoSn0AAl2Pc1WcSME3hwCDVy6b41mzJM5QLpJ-9JYErCUlcFDuXAKlQQRzOwzP39f92Ak0Ve6g1dQrak4NtAE-mEZxSReGKD9kf6MuOtOkggOvd7-YXz49tJySU8jgeC6Ami2DhJQprLE3ClLUAglycxJ8D2iAvU2cAo9KUvQGL_gxyJFm3VLc109VUkua2F6Hw.BG9ARPVCp8mQk5BrPU2pvJ5PreU6nAgZQVyxAItNwjE&dib_tag=se&keywords=laptops&qid=1780908141&sr=8-14
"Lenovo IdeaPad 1 AMD Ryzen 5 5500U 15.6"" HD Thin and Light Laptop (8GB RAM/512GB SSD/Windows 11 Home/Office Home 2024/1 Year ADP Free/Grey/1.6Kg), 82R4011MIN",₹49999,4.1 out of 5 stars,https://m.media-amazon.com/images/I/71xHNSCyRsL._AC_UY218_.jpg,Organic,https://www.amazon.in/Lenovo-MSOffice-82R400BRIN-Integrated-Graphics/dp/B09MM58Y7Q/ref=sr_1_15?dib=eyJ2IjoiMSJ9.kw5DGyC8VdqFtiPAcH4nJUwsL8RZp_HP_5L_p915PoSn0AAl2Pc1WcSME3hwCDVy6b41mzJM5QLpJ-9JYErCUlcFDuXAKlQQRzOwzP39f92Ak0Ve6g1dQrak4NtAE-mEZxSReGKD9kf6MuOtOkggOvd7-YXz49tJySU8jgeC6Ami2DhJQprLE3ClLUAglycxJ8D2iAvU2cAo9KUvQGL_gxyJFm3VLc109VUkua2F6Hw.BG9ARPVCp8mQk5BrPU2pvJ5PreU6nAgZQVyxAItNwjE&dib_tag=se&keywords=laptops&qid=1780908141&sr=8-15
"HP 15, 13th Gen Intel Core i3-1315U Laptop (8GB DDR4,512GB SSD) Anti-Glare, Micro-Edge,15.6''/39.6cm, FHD, Win11,M365 Basic(1yr),Office Home24, Silver,1.59kg, FHD Camera w/Privacy Shutter, fd0569TU",₹49990,4.2 out of 5 stars,https://m.media-amazon.com/images/I/61R5Ecv7i-L._AC_UY218_.jpg,Organic,https://www.amazon.in/HP-i3-1315U-Anti-Glare-Micro-Edge-fd0569TU/dp/B0F4R5W1NC/ref=sr_1_16?dib=eyJ2IjoiMSJ9.kw5DGyC8VdqFtiPAcH4nJUwsL8RZp_HP_5L_p915PoSn0AAl2Pc1WcSME3hwCDVy6b41mzJM5QLpJ-9JYErCUlcFDuXAKlQQRzOwzP39f92Ak0Ve6g1dQrak4NtAE-mEZxSReGKD9kf6MuOtOkggOvd7-YXz49tJySU8jgeC6Ami2DhJQprLE3ClLUAglycxJ8D2iAvU2cAo9KUvQGL_gxyJFm3VLc109VUkua2F6Hw.BG9ARPVCp8mQk5BrPU2pvJ5PreU6nAgZQVyxAItNwjE&dib_tag=se&keywords=laptops&qid=1780908141&sr=8-16
"Lenovo IdeaPad Slim 3 12th Gen Intel Core i5-12450H 15.6 Inch (39.6cm) FHD Thin & Light Laptop (16GB/512GB SSD/Windows 11/Office Home 2024/3months Game Pass/Arctic Grey/1.62Kg), 83ER00MCIN",₹64450,4.5 out of 5 stars,https://m.media-amazon.com/images/I/61kNhhiAxSL._AC_UY218_.jpg,Organic,https://www.amazon.in/Lenovo-IdeaPad-i5-12450H-Windows-83ER00MCIN/dp/B0FJF95B56/ref=sr_1_17?dib=eyJ2IjoiMSJ9.kw5DGyC8VdqFtiPAcH4nJUwsL8RZp_HP_5L_p915PoSn0AAl2Pc1WcSME3hwCDVy6b41mzJM5QLpJ-9JYErCUlcFDuXAKlQQRzOwzP39f92Ak0Ve6g1dQrak4NtAE-mEZxSReGKD9kf6MuOtOkggOvd7-YXz49tJySU8jgeC6Ami2DhJQprLE3ClLUAglycxJ8D2iAvU2cAo9KUvQGL_gxyJFm3VLc109VUkua2F6Hw.BG9ARPVCp8mQk5BrPU2pvJ5PreU6nAgZQVyxAItNwjE&dib_tag=se&keywords=laptops&qid=1780908141&sr=8-17
"HP Smartchoice Victus, AMD Ryzen 7 7445HS, 6GB RTX 3050, 16GB DDR5(Upgradeable) 512GB SSD, FHD, 144Hz, 300 nits, 15.6''/39.6cm, Win 11, M365* Office24, Blue, 2.29kg, fb3134AX/3120ax, Gaming Laptop",₹78990,4.1 out of 5 stars,https://m.media-amazon.com/images/I/71o5eHSQiKL._AC_UY218_.jpg,Organic,https://www.amazon.in/HP-Smartchoice-Upgradeable-Office24-fb3134AX/dp/B0FDKPXD95/ref=sr_1_18?dib=eyJ2IjoiMSJ9.kw5DGyC8VdqFtiPAcH4nJUwsL8RZp_HP_5L_p915PoSn0AAl2Pc1WcSME3hwCDVy6b41mzJM5QLpJ-9JYErCUlcFDuXAKlQQRzOwzP39f92Ak0Ve6g1dQrak4NtAE-mEZxSReGKD9kf6MuOtOkggOvd7-YXz49tJySU8jgeC6Ami2DhJQprLE3ClLUAglycxJ8D2iAvU2cAo9KUvQGL_gxyJFm3VLc109VUkua2F6Hw.BG9ARPVCp8mQk5BrPU2pvJ5PreU6nAgZQVyxAItNwjE&dib_tag=se&keywords=laptops&qid=1780908141&sr=8-18
"ASUS Vivobook Go 15 (2025), AMD Ryzen 5 7520U Thin & Light Laptop(16GB RAM/512GB SSD/FHD/15.6""/60Hz/Windows 11/M365 Basic (1Year)*/Office Home 2024/Backlit KB/Mixed Black/1.63Kg) E1504FA-BQ2414WS",₹50990,4.2 out of 5 stars,https://m.media-amazon.com/images/I/61EDWCjLk8L._AC_UY218_.jpg,Organic,https://www.amazon.in/ASUS-Vivobook-Windows-Backlit-E1504FA-BQ2414WS/dp/B0FRND8VVY/ref=sr_1_19?dib=eyJ2IjoiMSJ9.kw5DGyC8VdqFtiPAcH4nJUwsL8RZp_HP_5L_p915PoSn0AAl2Pc1WcSME3hwCDVy6b41mzJM5QLpJ-9JYErCUlcFDuXAKlQQRzOwzP39f92Ak0Ve6g1dQrak4NtAE-mEZxSReGKD9kf6MuOtOkggOvd7-YXz49tJySU8jgeC6Ami2DhJQprLE3ClLUAglycxJ8D2iAvU2cAo9KUvQGL_gxyJFm3VLc109VUkua2F6Hw.BG9ARPVCp8mQk5BrPU2pvJ5PreU6nAgZQVyxAItNwjE&dib_tag=se&keywords=laptops&qid=1780908141&sr=8-19
"BrowseBook 14.1"" FHD IPS Laptop | Best Student & Office Work Laptop | Celeron N4020 | 4GB RAM | 128GB SSD | Windows 11 | 38Wh | 1.3kg | Grey",₹20990,2.7 out of 5 stars,https://m.media-amazon.com/images/I/71h+7L8gcrL._AC_UY218_.jpg,Organic,https://www.amazon.in/Neopticon-BrowseBook-Student-Celeron-Windows/dp/B0FC64RYH1/ref=sr_1_20?dib=eyJ2IjoiMSJ9.kw5DGyC8VdqFtiPAcH4nJUwsL8RZp_HP_5L_p915PoSn0AAl2Pc1WcSME3hwCDVy6b41mzJM5QLpJ-9JYErCUlcFDuXAKlQQRzOwzP39f92Ak0Ve6g1dQrak4NtAE-mEZxSReGKD9kf6MuOtOkggOvd7-YXz49tJySU8jgeC6Ami2DhJQprLE3ClLUAglycxJ8D2iAvU2cAo9KUvQGL_gxyJFm3VLc109VUkua2F6Hw.BG9ARPVCp8mQk5BrPU2pvJ5PreU6nAgZQVyxAItNwjE&dib_tag=se&keywords=laptops&qid=1780908141&sr=8-20
"HP 15, AMD Ryzen 5 7520U (16GB DDR4, 512GB SSD) FHD, Anti-Glare, Micro-Edge, 15.6''/39.6cm, Win11, M365 Basic(1yr), Offic24, Silver,1.59kg, fc0806AU, FHD Camera w/Privacy Shutter, Backlit Laptop",₹63990,N/A,https://m.media-amazon.com/images/I/71FVyverqHL._AC_UY218_.jpg,Ad,https://www.amazon.in/sspa/click?ie=UTF8&spc=MToxNDA5NzEyODg4MTU4OTIxOjE3ODA5MDgxNDE6c3BfYnRmOjMwMTA3MDIzMzE3OTkzMjo6MDo6&url=%2FHP-Anti-Glare-Micro-Edge-Offic24-fc0806AU%2Fdp%2FB0GTVDH4G2%2Fref%3Dsr_1_21_sspa%3Fdib%3DeyJ2IjoiMSJ9.kw5DGyC8VdqFtiPAcH4nJUwsL8RZp_HP_5L_p915PoSn0AAl2Pc1WcSME3hwCDVy6b41mzJM5QLpJ-9JYErCUlcFDuXAKlQQRzOwzP39f92Ak0Ve6g1dQrak4NtAE-mEZxSReGKD9kf6MuOtOkggOvd7-YXz49tJySU8jgeC6Ami2DhJQprLE3ClLUAglycxJ8D2iAvU2cAo9KUvQGL_gxyJFm3VLc109VUkua2F6Hw.BG9ARPVCp8mQk5BrPU2pvJ5PreU6nAgZQVyxAItNwjE%26dib_tag%3Dse%26keywords%3Dlaptops%26qid%3D1780908141%26sr%3D8-21-spons%26aref%3D3DYrBYXBVr%26sp_csd%3Dd2lkZ2V0TmFtZT1zcF9idGY%26psc%3D1&aref=3DYrBYXBVr&sp_cr=ZAZ
"Lenovo Yoga Slim 7, Intel Core Ultra 5 125H, 16GB RAM, 512GB SSD, AI PC, WUXGA-OLED, 14""/35.5cm, Windows 11, Microsoft 365 Basic + Office 2024, Grey, 1.39Kg, 83CV00DFIN, AI Powered Laptop",₹82990,4.2 out of 5 stars,https://m.media-amazon.com/images/I/81PaO9Q1WFL._AC_UY218_.jpg,Ad,https://www.amazon.in/sspa/click?ie=UTF8&spc=MToxNDA5NzEyODg4MTU4OTIxOjE3ODA5MDgxNDE6c3BfYnRmOjMwMDk2MTU0OTkxNjIzMjo6MDo6&url=%2FLenovo-WUXGA-OLED-Windows-Microsoft-83CV00DFIN%2Fdp%2FB0FNQYPBT9%2Fref%3Dsr_1_22_sspa%3Fdib%3DeyJ2IjoiMSJ9.kw5DGyC8VdqFtiPAcH4nJUwsL8RZp_HP_5L_p915PoSn0AAl2Pc1WcSME3hwCDVy6b41mzJM5QLpJ-9JYErCUlcFDuXAKlQQRzOwzP39f92Ak0Ve6g1dQrak4NtAE-mEZxSReGKD9kf6MuOtOkggOvd7-YXz49tJySU8jgeC6Ami2DhJQprLE3ClLUAglycxJ8D2iAvU2cAo9KUvQGL_gxyJFm3VLc109VUkua2F6Hw.BG9ARPVCp8mQk5BrPU2pvJ5PreU6nAgZQVyxAItNwjE%26dib_tag%3Dse%26keywords%3Dlaptops%26qid%3D1780908141%26sr%3D8-22-spons%26aref%3DV4ohzTZHDu%26sp_csd%3Dd2lkZ2V0TmFtZT1zcF9idGY%26psc%3D1&aref=V4ohzTZHDu&sp_cr=ZAZ
"Lenovo IdeaPad Slim 3 13th Gen Core i5-13420H 15.3 inch (38.8cm) WUXGA IPS Laptop (16GB RAM/512GB SSD/Windows 11/Office Home 2024/Top Metal Cover/Backlit Keyboard/1Yr ADP/Grey/1.6Kg), 83K100S3IN",₹65500,2.3 out of 5 stars,https://m.media-amazon.com/images/I/71D9HSayVSL._AC_UY218_.jpg,Ad,https://www.amazon.in/sspa/click?ie=UTF8&spc=MTo1MzIyNjIxNzY3MjM1ODQ4OjE3ODA5MDgxNDU6c3BfYXRmX25leHQ6MzAwOTYxNTQ5OTE2MTMyOjowOjo&url=%2FLenovo-IdeaPad-i5-13420H-Keyboard-83K100S3IN%2Fdp%2FB0GDQFZBQC%2Fref%3Dsr_1_17_sspa%3Fdib%3DeyJ2IjoiMSJ9.CFmhzJbS89Kq0zDTO3kOMqt0fuEDjdRZaHHCjVwhjCq8pc24KOg-Hu57-ch9y43r6p3jYBhTvqXDqtfOjpkfxbzJUvm82OmhfVYNlsP3jUYEttr-4MgpfCgPgJmUu9ijrDJZ-dicmRGwoQDGpEdgS9YLg0ePhUQk23T21GyZTrqLTipSiwws_3lGKMbm49C1wgorim5m2No_O2LFqsptElV1JMN1PEPUZd_DKaKihcs.rsh8k1fSzmpMA7TsTQwa91pIYS3rRFarIKwTjWVPd9o%26dib_tag%3Dse%26keywords%3Dlaptops%26qid%3D1780908145%26aref%3D3BmXYKHCxf%26sp_csd%3Dd2lkZ2V0TmFtZT1zcF9hdGZfbmV4dA%26psc%3D1&aref=3BmXYKHCxf&sp_cr=ZAZ
"Lenovo Ideapad Slim 3, 13th Gen Intel Core i7 13620H, 16GB RAM, 512GB SSD, WUXGA IPS, 15.3""/38.8cm, Win 11, Office 2024, Top Metal Cover Grey, 1.6Kg, 83K100CJIN/S1IN, Backlit KB, Laptop",₹79990,4.2 out of 5 stars,https://m.media-amazon.com/images/I/71IjxF4prWL._AC_UY218_.jpg,Ad,https://www.amazon.in/sspa/click?ie=UTF8&spc=MTo1MzIyNjIxNzY3MjM1ODQ4OjE3ODA5MDgxNDU6c3BfYXRmX25leHQ6MzAwOTYxNTQ5OTE2ODMyOjowOjo&url=%2FLenovo-Smartchoice-I7-13620H-Keyboard-83K100CJIN%2Fdp%2FB0F2162VGQ%2Fref%3Dsr_1_18_sspa%3Fdib%3DeyJ2IjoiMSJ9.CFmhzJbS89Kq0zDTO3kOMqt0fuEDjdRZaHHCjVwhjCq8pc24KOg-Hu57-ch9y43r6p3jYBhTvqXDqtfOjpkfxbzJUvm82OmhfVYNlsP3jUYEttr-4MgpfCgPgJmUu9ijrDJZ-dicmRGwoQDGpEdgS9YLg0ePhUQk23T21GyZTrqLTipSiwws_3lGKMbm49C1wgorim5m2No_O2LFqsptElV1JMN1PEPUZd_DKaKihcs.rsh8k1fSzmpMA7TsTQwa91pIYS3rRFarIKwTjWVPd9o%26dib_tag%3Dse%26keywords%3Dlaptops%26qid%3D1780908145%26aref%3D1d0KZd47QZ%26sp_csd%3Dd2lkZ2V0TmFtZT1zcF9hdGZfbmV4dA%26psc%3D1&aref=1d0KZd47QZ&sp_cr=ZAZ
"HP Laptop 15 Intel Core i3 13th Gen (8GB|512 GB SSD)/Window 11 Home 15-FD0533TU Laptop (15.6 inch,Natural Silver,1.59 kg, with MS Office",₹47490,3.0 out of 5 stars,https://m.media-amazon.com/images/I/51wbekXOKuL._AC_UY218_.jpg,Organic,https://www.amazon.in/HP-Laptop-Window-15-FD0533TU-Natural/dp/B0GR9Q34RL/ref=sr_1_19?dib=eyJ2IjoiMSJ9.CFmhzJbS89Kq0zDTO3kOMqt0fuEDjdRZaHHCjVwhjCq8pc24KOg-Hu57-ch9y43r6p3jYBhTvqXDqtfOjpkfxbzJUvm82OmhfVYNlsP3jUYEttr-4MgpfCgPgJmUu9ijrDJZ-dicmRGwoQDGpEdgS9YLg0ePhUQk23T21GyZTrqLTipSiwws_3lGKMbm49C1wgorim5m2No_O2LFqsptElV1JMN1PEPUZd_DKaKihcs.rsh8k1fSzmpMA7TsTQwa91pIYS3rRFarIKwTjWVPd9o&dib_tag=se&keywords=laptops&qid=1780908145
"MSI Thin A15, AMD 7th Gen. Ryzen 7 7735HS, 40CM FHD 144Hz Gaming Laptop (16GB/1TB NVMe SSD/Windows 11 Home/NVIDIA GeForce RTX 3050, GDDR6 4GB/Cosmos Gray/1.8Kg) B7UC-103IN",₹65990,4.5 out of 5 stars,https://m.media-amazon.com/images/I/71kuEUDZ-1L._AC_UY218_.jpg,Organic,https://www.amazon.in/MSI-7735HS-Windows-GeForce-B7UC-103IN/dp/B097PM1MBH/ref=sr_1_20?dib=eyJ2IjoiMSJ9.CFmhzJbS89Kq0zDTO3kOMqt0fuEDjdRZaHHCjVwhjCq8pc24KOg-Hu57-ch9y43r6p3jYBhTvqXDqtfOjpkfxbzJUvm82OmhfVYNlsP3jUYEttr-4MgpfCgPgJmUu9ijrDJZ-dicmRGwoQDGpEdgS9YLg0ePhUQk23T21GyZTrqLTipSiwws_3lGKMbm49C1wgorim5m2No_O2LFqsptElV1JMN1PEPUZd_DKaKihcs.rsh8k1fSzmpMA7TsTQwa91pIYS3rRFarIKwTjWVPd9o&dib_tag=se&keywords=laptops&qid=1780908145
"Dell G15, 13th Gen Intel Core i5-13450HX Processor, NVIDIA RTX 3050-6GB, (16GB RAM 1TB SSD) FHD 15.6""/39.62 cm, Orange Backlit Keyboard, Win 11, MS Office'24, Dark Shadow Grey, 2.65Kg Gaming Laptop",₹79490,4.0 out of 5 stars,https://m.media-amazon.com/images/I/61ko2a0owDL._AC_UY218_.jpg,Organic,https://www.amazon.in/Dell-Smartchoice-G15-5530-Gaming-i5-13450HX/dp/B0CRKXDX83/ref=sr_1_21?dib=eyJ2IjoiMSJ9.CFmhzJbS89Kq0zDTO3kOMqt0fuEDjdRZaHHCjVwhjCq8pc24KOg-Hu57-ch9y43r6p3jYBhTvqXDqtfOjpkfxbzJUvm82OmhfVYNlsP3jUYEttr-4MgpfCgPgJmUu9ijrDJZ-dicmRGwoQDGpEdgS9YLg0ePhUQk23T21GyZTrqLTipSiwws_3lGKMbm49C1wgorim5m2No_O2LFqsptElV1JMN1PEPUZd_DKaKihcs.rsh8k1fSzmpMA7TsTQwa91pIYS3rRFarIKwTjWVPd9o&dib_tag=se&keywords=laptops&qid=1780908145
"ASUS Vivobook 16, Smartchoice, Intel Core Ultra 5 Series 2, 16GB RAM, 512GB SSD, FHD+ 16"", Windows 11, Office Home 2024, Silver, 1.88kg, X1607CA-MB142WS, Intel iGPU, M365 Basic (1Year)* Laptop",₹67990,4.4 out of 5 stars,https://m.media-amazon.com/images/I/714zVJcMt5L._AC_UY218_.jpg,Organic,https://www.amazon.in/ASUS-Vivobook-Backlit-Keyboard-X1607CA-MB142WS/dp/B0DT74FF9P/ref=sr_1_22?dib=eyJ2IjoiMSJ9.CFmhzJbS89Kq0zDTO3kOMqt0fuEDjdRZaHHCjVwhjCq8pc24KOg-Hu57-ch9y43r6p3jYBhTvqXDqtfOjpkfxbzJUvm82OmhfVYNlsP3jUYEttr-4MgpfCgPgJmUu9ijrDJZ-dicmRGwoQDGpEdgS9YLg0ePhUQk23T21GyZTrqLTipSiwws_3lGKMbm49C1wgorim5m2No_O2LFqsptElV1JMN1PEPUZd_DKaKihcs.rsh8k1fSzmpMA7TsTQwa91pIYS3rRFarIKwTjWVPd9o&dib_tag=se&keywords=laptops&qid=1780908145
"Lenovo IdeaPad Slim 3 12th Gen Intel Core i5-12450H 15.6 Inch (39.6cm) FHD Thin & Light Laptop (16GB/512GB SSD/Windows 11/Office Home 2024/3months Game Pass/Arctic Grey/1.62Kg), 83ER00MCIN",₹64450,4.5 out of 5 stars,https://m.media-amazon.com/images/I/61kNhhiAxSL._AC_UY218_.jpg,Organic,https://www.amazon.in/Lenovo-IdeaPad-i5-12450H-Windows-83ER00MCIN/dp/B0FJF95B56/ref=sr_1_23?dib=eyJ2IjoiMSJ9.CFmhzJbS89Kq0zDTO3kOMqt0fuEDjdRZaHHCjVwhjCq8pc24KOg-Hu57-ch9y43r6p3jYBhTvqXDqtfOjpkfxbzJUvm82OmhfVYNlsP3jUYEttr-4MgpfCgPgJmUu9ijrDJZ-dicmRGwoQDGpEdgS9YLg0ePhUQk23T21GyZTrqLTipSiwws_3lGKMbm49C1wgorim5m2No_O2LFqsptElV1JMN1PEPUZd_DKaKihcs.rsh8k1fSzmpMA7TsTQwa91pIYS3rRFarIKwTjWVPd9o&dib_tag=se&keywords=laptops&qid=1780908145
"HP 15 255R G10, AMD Ryzen 5 7535U Hexa Core (6 Core, 12 Threads, 2.9 to Max 4.3 Ghz) (8 GB/512 GB SSD/AMD Radeon Graphics/dos) Thin and Light Laptop(15.6 inch HD Display, Matt Silver, 1.45",₹47590,4.2 out of 5 stars,https://m.media-amazon.com/images/I/71rDlgf2Q6L._AC_UY218_.jpg,Organic,https://www.amazon.in/HP-G10-Threads-Graphics-Display/dp/B0G7YY5JV5/ref=sr_1_24?dib=eyJ2IjoiMSJ9.CFmhzJbS89Kq0zDTO3kOMqt0fuEDjdRZaHHCjVwhjCq8pc24KOg-Hu57-ch9y43r6p3jYBhTvqXDqtfOjpkfxbzJUvm82OmhfVYNlsP3jUYEttr-4MgpfCgPgJmUu9ijrDJZ-dicmRGwoQDGpEdgS9YLg0ePhUQk23T21GyZTrqLTipSiwws_3lGKMbm49C1wgorim5m2No_O2LFqsptElV1JMN1PEPUZd_DKaKihcs.rsh8k1fSzmpMA7TsTQwa91pIYS3rRFarIKwTjWVPd9o&dib_tag=se&keywords=laptops&qid=1780908145
"ASUS Chromebook CX1405 (2026), Smartchoice,Intel N50 Processor, Intel UHD iGPU, 8GB RAM, 128GB SSD, FHD, 14"" (35.5 cm), Chrome OS, Pure Grey, 1.39 Kg, CX1405CTA-S60622, 42WHrs, Thin & Light Laptop",₹30990,2.7 out of 5 stars,https://m.media-amazon.com/images/I/616Jpqwdp3L._AC_UY218_.jpg,Organic,https://www.amazon.in/ASUS-Chromebook-Smartchoice-Processor-CX1405CTA-S60622/dp/B0GN2Y3T6M/ref=sr_1_25?dib=eyJ2IjoiMSJ9.CFmhzJbS89Kq0zDTO3kOMqt0fuEDjdRZaHHCjVwhjCq8pc24KOg-Hu57-ch9y43r6p3jYBhTvqXDqtfOjpkfxbzJUvm82OmhfVYNlsP3jUYEttr-4MgpfCgPgJmUu9ijrDJZ-dicmRGwoQDGpEdgS9YLg0ePhUQk23T21GyZTrqLTipSiwws_3lGKMbm49C1wgorim5m2No_O2LFqsptElV1JMN1PEPUZd_DKaKihcs.rsh8k1fSzmpMA7TsTQwa91pIYS3rRFarIKwTjWVPd9o&dib_tag=se&keywords=laptops&qid=1780908145
"HP 15, Intel Core 5 120U (14th Gen) 16GB DDR4, 512GB SSD, FHD, Anti-Glare, Micro-Edge, 15.6''/39.6cm, Win11, M365 Basic(1yr), Office24, Silver,1.59kg, FD0640TU/682tu, FHD Camera w/Shutter, BL Laptop",₹65990,3.9 out of 5 stars,https://m.media-amazon.com/images/I/71Go8vTBwXL._AC_UY218_.jpg,Organic,https://www.amazon.in/HP-Anti-Glare-Micro-Edge-FD0640TU-privacy/dp/B0FFTLRYRV/ref=sr_1_26?dib=eyJ2IjoiMSJ9.CFmhzJbS89Kq0zDTO3kOMqt0fuEDjdRZaHHCjVwhjCq8pc24KOg-Hu57-ch9y43r6p3jYBhTvqXDqtfOjpkfxbzJUvm82OmhfVYNlsP3jUYEttr-4MgpfCgPgJmUu9ijrDJZ-dicmRGwoQDGpEdgS9YLg0ePhUQk23T21GyZTrqLTipSiwws_3lGKMbm49C1wgorim5m2No_O2LFqsptElV1JMN1PEPUZd_DKaKihcs.rsh8k1fSzmpMA7TsTQwa91pIYS3rRFarIKwTjWVPd9o&dib_tag=se&keywords=laptops&qid=1780908145
"Lenovo Yoga Slim 7, Intel Core Ultra 5 125H, 16GB RAM, 512GB SSD, AI PC, WUXGA-OLED, 14""/35.5cm, Windows 11, Microsoft 365 Basic + Office 2024, Grey, 1.39Kg, 83CV00DFIN, AI Powered Laptop",₹82990,4.2 out of 5 stars,https://m.media-amazon.com/images/I/81PaO9Q1WFL._AC_UY218_.jpg,Ad,https://www.amazon.in/sspa/click?ie=UTF8&spc=MTo1MzIyNjIxNzY3MjM1ODQ4OjE3ODA5MDgxNDU6c3BfbXRmOjMwMDk2MTU0OTkxNjIzMjo6MDo6&url=%2FLenovo-WUXGA-OLED-Windows-Microsoft-83CV00DFIN%2Fdp%2FB0FNQYPBT9%2Fref%3Dsr_1_27_sspa%3Fdib%3DeyJ2IjoiMSJ9.CFmhzJbS89Kq0zDTO3kOMqt0fuEDjdRZaHHCjVwhjCq8pc24KOg-Hu57-ch9y43r6p3jYBhTvqXDqtfOjpkfxbzJUvm82OmhfVYNlsP3jUYEttr-4MgpfCgPgJmUu9ijrDJZ-dicmRGwoQDGpEdgS9YLg0ePhUQk23T21GyZTrqLTipSiwws_3lGKMbm49C1wgorim5m2No_O2LFqsptElV1JMN1PEPUZd_DKaKihcs.rsh8k1fSzmpMA7TsTQwa91pIYS3rRFarIKwTjWVPd9o%26dib_tag%3Dse%26keywords%3Dlaptops%26qid%3D1780908145%26aref%3DV4ohzTZHDu%26sp_csd%3Dd2lkZ2V0TmFtZT1zcF9tdGY%26psc%3D1&aref=V4ohzTZHDu&sp_cr=ZAZ
"HP Smartchoice OmniBook 5 OLED (Previously Pavilion), Snapdragon X Processor (16GB LPDDR5x, 512GB SSD) 2K, 14''/35.6cm, Win11, M365(1yr)* Office24, Silver, 1.35kg, he0014QU, Next-Gen AI Laptop",₹79990,4.2 out of 5 stars,https://m.media-amazon.com/images/I/71ZlIDunitL._AC_UY218_.jpg,Ad,https://www.amazon.in/sspa/click?ie=UTF8&spc=MTo1MzIyNjIxNzY3MjM1ODQ4OjE3ODA5MDgxNDU6c3BfbXRmOjMwMTA3NzY5NjM1NTUzMjo6MDo6&url=%2FHP-Previously-Snapdragon-Processor-Light-Weight%2Fdp%2FB0F8P4Y7VF%2Fref%3Dsr_1_28_sspa%3Fdib%3DeyJ2IjoiMSJ9.CFmhzJbS89Kq0zDTO3kOMqt0fuEDjdRZaHHCjVwhjCq8pc24KOg-Hu57-ch9y43r6p3jYBhTvqXDqtfOjpkfxbzJUvm82OmhfVYNlsP3jUYEttr-4MgpfCgPgJmUu9ijrDJZ-dicmRGwoQDGpEdgS9YLg0ePhUQk23T21GyZTrqLTipSiwws_3lGKMbm49C1wgorim5m2No_O2LFqsptElV1JMN1PEPUZd_DKaKihcs.rsh8k1fSzmpMA7TsTQwa91pIYS3rRFarIKwTjWVPd9o%26dib_tag%3Dse%26keywords%3Dlaptops%26qid%3D1780908145%26aref%3D5PpUNM42iT%26sp_csd%3Dd2lkZ2V0TmFtZT1zcF9tdGY%26psc%3D1&aref=5PpUNM42iT&sp_cr=ZAZ
"Lenovo Ideapad Slim 3, 13th Gen Intel Core i7 13620H, 16GB RAM, 512GB SSD, WUXGA IPS, 15.3""/38.8cm, Win 11, Office 2024, Top Metal Cover Grey, 1.6Kg, 83K100CJIN/S1IN, Backlit KB, Laptop",₹79990,4.2 out of 5 stars,https://m.media-amazon.com/images/I/71IjxF4prWL._AC_UY218_.jpg,Organic,https://www.amazon.in/Lenovo-Smartchoice-I7-13620H-Keyboard-83K100CJIN/dp/B0F2162VGQ/ref=sr_1_29?dib=eyJ2IjoiMSJ9.CFmhzJbS89Kq0zDTO3kOMqt0fuEDjdRZaHHCjVwhjCq8pc24KOg-Hu57-ch9y43r6p3jYBhTvqXDqtfOjpkfxbzJUvm82OmhfVYNlsP3jUYEttr-4MgpfCgPgJmUu9ijrDJZ-dicmRGwoQDGpEdgS9YLg0ePhUQk23T21GyZTrqLTipSiwws_3lGKMbm49C1wgorim5m2No_O2LFqsptElV1JMN1PEPUZd_DKaKihcs.rsh8k1fSzmpMA7TsTQwa91pIYS3rRFarIKwTjWVPd9o&dib_tag=se&keywords=laptops&qid=1780908145
"HP 15 (2026), AMD Ryzen 3 Quad Core 7335U - (8 GB DDR5/512 GB SSD/AMD Radeon 660M Graphics/Windows 11 Home) Thin and Light Business Laptop/15.6"" Display/Turbo Silver/Copilot Key/1.5kg/MS Office",₹47890,N/A,https://m.media-amazon.com/images/I/71vF+WK+vrL._AC_UY218_.jpg,Organic,https://www.amazon.in/HP-15-Ryzen-Quad-7335U/dp/B0GY75ZCZS/ref=sr_1_30?dib=eyJ2IjoiMSJ9.CFmhzJbS89Kq0zDTO3kOMqt0fuEDjdRZaHHCjVwhjCq8pc24KOg-Hu57-ch9y43r6p3jYBhTvqXDqtfOjpkfxbzJUvm82OmhfVYNlsP3jUYEttr-4MgpfCgPgJmUu9ijrDJZ-dicmRGwoQDGpEdgS9YLg0ePhUQk23T21GyZTrqLTipSiwws_3lGKMbm49C1wgorim5m2No_O2LFqsptElV1JMN1PEPUZd_DKaKihcs.rsh8k1fSzmpMA7TsTQwa91pIYS3rRFarIKwTjWVPd9o&dib_tag=se&keywords=laptops&qid=1780908145
"ASUS Vivobook 15, Smartchoice,Intel Core i3 13th Gen 1315U, 12GB RAM, 512GB SSD, FHD 15.6"", Win 11, Office 2024, Quiet Blue, 1.7Kg, X1504VA-BQ332WS, Intel UHD iGPU, M365 Basic (1Year)*, 42Whrs Laptop",₹51990,4.3 out of 5 stars,https://m.media-amazon.com/images/I/61JUHhbEMxL._AC_UY218_.jpg,Organic,https://www.amazon.in/ASUS-Vivobook-Windows-Office-X1504VA-BQ332WS/dp/B0FKBM4SWJ/ref=sr_1_31?dib=eyJ2IjoiMSJ9.CFmhzJbS89Kq0zDTO3kOMqt0fuEDjdRZaHHCjVwhjCq8pc24KOg-Hu57-ch9y43r6p3jYBhTvqXDqtfOjpkfxbzJUvm82OmhfVYNlsP3jUYEttr-4MgpfCgPgJmUu9ijrDJZ-dicmRGwoQDGpEdgS9YLg0ePhUQk23T21GyZTrqLTipSiwws_3lGKMbm49C1wgorim5m2No_O2LFqsptElV1JMN1PEPUZd_DKaKihcs.rsh8k1fSzmpMA7TsTQwa91pIYS3rRFarIKwTjWVPd9o&dib_tag=se&keywords=laptops&qid=1780908145
"HP 15, Intel Core Ultra 5 125H (16GB DDR5, 1TB SSD) FHD, IPS, 15.6''/39.6cm, Win11, M365 Basic(1yr)*Office24, Silver, 1.65kg, fd1354TU, Intel Arc Graphics, FHD Camera w/Shutter, AI Powered Laptop",₹74990,3.8 out of 5 stars,https://m.media-amazon.com/images/I/71dyfY6G0aL._AC_UY218_.jpg,Organic,https://www.amazon.in/HP-Office24-fd1354TU-Graphics-Shutter/dp/B0F5B1N9SJ/ref=sr_1_32?dib=eyJ2IjoiMSJ9.CFmhzJbS89Kq0zDTO3kOMqt0fuEDjdRZaHHCjVwhjCq8pc24KOg-Hu57-ch9y43r6p3jYBhTvqXDqtfOjpkfxbzJUvm82OmhfVYNlsP3jUYEttr-4MgpfCgPgJmUu9ijrDJZ-dicmRGwoQDGpEdgS9YLg0ePhUQk23T21GyZTrqLTipSiwws_3lGKMbm49C1wgorim5m2No_O2LFqsptElV1JMN1PEPUZd_DKaKihcs.rsh8k1fSzmpMA7TsTQwa91pIYS3rRFarIKwTjWVPd9o&dib_tag=se&keywords=laptops&qid=1780908145
"acer Aspire 3 Intel Pentium N100 Processor Laptop with 35.56 cm (14"") Full HD IPS Display (16 GB RAM/512 GB SSD/Intel Graphics/Win11 Home/WiFi 6/38Wh) A324-31, Steel Gray, 1.45KG",₹39990,3.7 out of 5 stars,https://m.media-amazon.com/images/I/71D5f6HJk2L._AC_UY218_.jpg,Organic,https://www.amazon.in/i3-N305-Processor-LED-Backlit-Graphics-A324-31/dp/B0DF2XJ2QB/ref=sr_1_33?dib=eyJ2IjoiMSJ9.CFmhzJbS89Kq0zDTO3kOMqt0fuEDjdRZaHHCjVwhjCq8pc24KOg-Hu57-ch9y43r6p3jYBhTvqXDqtfOjpkfxbzJUvm82OmhfVYNlsP3jUYEttr-4MgpfCgPgJmUu9ijrDJZ-dicmRGwoQDGpEdgS9YLg0ePhUQk23T21GyZTrqLTipSiwws_3lGKMbm49C1wgorim5m2No_O2LFqsptElV1JMN1PEPUZd_DKaKihcs.rsh8k1fSzmpMA7TsTQwa91pIYS3rRFarIKwTjWVPd9o&dib_tag=se&keywords=laptops&qid=1780908145
"acer Aspire Lite, AMD Ryzen 3 5300U Processor, 16 GB RAM, 512GB SSD, Full HD, 15.6""/39.62cm, Windows 11 Home, Steel Gray, 1.59KG, AL15-41, Metal Body, Premium Thin and Light Laptop",₹49790,4.0 out of 5 stars,https://m.media-amazon.com/images/I/513p8BwV-RL._AC_UY218_.jpg,Organic,https://www.amazon.in/Acer-Premium-Windows-AL15-41-Display/dp/B0CWTYGPH8/ref=sr_1_34?dib=eyJ2IjoiMSJ9.CFmhzJbS89Kq0zDTO3kOMqt0fuEDjdRZaHHCjVwhjCq8pc24KOg-Hu57-ch9y43r6p3jYBhTvqXDqtfOjpkfxbzJUvm82OmhfVYNlsP3jUYEttr-4MgpfCgPgJmUu9ijrDJZ-dicmRGwoQDGpEdgS9YLg0ePhUQk23T21GyZTrqLTipSiwws_3lGKMbm49C1wgorim5m2No_O2LFqsptElV1JMN1PEPUZd_DKaKihcs.rsh8k1fSzmpMA7TsTQwa91pIYS3rRFarIKwTjWVPd9o&dib_tag=se&keywords=laptops&qid=1780908145
"HP Smartchoice Victus, 14th Gen Intel Core i5-14450HX, 6GB RTX 3050 (24GB DDR5, 512GB SSD) FHD, 144Hz, 15.6''/39.6cm, Win11, M365* Office24, Mica Silver, 2.3kg, fa2303tx/fa2315tx, RGB Gaming Laptop",₹87989,4.2 out of 5 stars,https://m.media-amazon.com/images/I/71ESz+ewFFL._AC_UY218_.jpg,Organic,https://www.amazon.in/HP-Smartchoice-i5-14450HX-Office24-fa2303tx/dp/B0G46HR61G/ref=sr_1_35?dib=eyJ2IjoiMSJ9.CFmhzJbS89Kq0zDTO3kOMqt0fuEDjdRZaHHCjVwhjCq8pc24KOg-Hu57-ch9y43r6p3jYBhTvqXDqtfOjpkfxbzJUvm82OmhfVYNlsP3jUYEttr-4MgpfCgPgJmUu9ijrDJZ-dicmRGwoQDGpEdgS9YLg0ePhUQk23T21GyZTrqLTipSiwws_3lGKMbm49C1wgorim5m2No_O2LFqsptElV1JMN1PEPUZd_DKaKihcs.rsh8k1fSzmpMA7TsTQwa91pIYS3rRFarIKwTjWVPd9o&dib_tag=se&keywords=laptops&qid=1780908145
"Dell 15, Smart Choice AMD Ryzen 7-7730U, 16GB DDR4, 512GB SSD, FHD, 15.6""/39.6cm, Windows 11, Microsoft Office Home 2024, Silver, 1.63Kg, 120Hz 250nits, AMD Radeon Graphics, Thin & Light Laptop",₹58990,3.5 out of 5 stars,https://m.media-amazon.com/images/I/71M9t-wC2FL._AC_UY218_.jpg,Organic,https://www.amazon.in/Dell-15-Platinum-Graphics-Standard/dp/B0FDQ2R315/ref=sr_1_36?dib=eyJ2IjoiMSJ9.CFmhzJbS89Kq0zDTO3kOMqt0fuEDjdRZaHHCjVwhjCq8pc24KOg-Hu57-ch9y43r6p3jYBhTvqXDqtfOjpkfxbzJUvm82OmhfVYNlsP3jUYEttr-4MgpfCgPgJmUu9ijrDJZ-dicmRGwoQDGpEdgS9YLg0ePhUQk23T21GyZTrqLTipSiwws_3lGKMbm49C1wgorim5m2No_O2LFqsptElV1JMN1PEPUZd_DKaKihcs.rsh8k1fSzmpMA7TsTQwa91pIYS3rRFarIKwTjWVPd9o&dib_tag=se&keywords=laptops&qid=1780908145
"HP 15, AMD Ryzen 5 7520U (16GB DDR4, 512GB SSD) FHD, Anti-Glare, Micro-Edge, 15.6''/39.6cm, Win11, M365 Basic(1yr), Offic24, Silver,1.59kg, fc0806AU, FHD Camera w/Privacy Shutter, Backlit Laptop",₹63990,N/A,https://m.media-amazon.com/images/I/71FVyverqHL._AC_UY218_.jpg,Ad,https://www.amazon.in/sspa/click?ie=UTF8&spc=MTo1MzIyNjIxNzY3MjM1ODQ4OjE3ODA5MDgxNDU6c3BfYnRmOjMwMTA3MDIzMzE3OTkzMjo6MDo6&url=%2FHP-Anti-Glare-Micro-Edge-Offic24-fc0806AU%2Fdp%2FB0GTVDH4G2%2Fref%3Dsr_1_37_sspa%3Fdib%3DeyJ2IjoiMSJ9.CFmhzJbS89Kq0zDTO3kOMqt0fuEDjdRZaHHCjVwhjCq8pc24KOg-Hu57-ch9y43r6p3jYBhTvqXDqtfOjpkfxbzJUvm82OmhfVYNlsP3jUYEttr-4MgpfCgPgJmUu9ijrDJZ-dicmRGwoQDGpEdgS9YLg0ePhUQk23T21GyZTrqLTipSiwws_3lGKMbm49C1wgorim5m2No_O2LFqsptElV1JMN1PEPUZd_DKaKihcs.rsh8k1fSzmpMA7TsTQwa91pIYS3rRFarIKwTjWVPd9o%26dib_tag%3Dse%26keywords%3Dlaptops%26qid%3D1780908145%26aref%3D3DYrBYXBVr%26sp_csd%3Dd2lkZ2V0TmFtZT1zcF9idGY%26psc%3D1&aref=3DYrBYXBVr&sp_cr=ZAZ
"Lenovo V14 Intel Core i3 13th Gen 14"" FHD (1920x1080) Antiglare 250 Nits Thin and Light Laptop (16GB RAM/512GB SSD/Windows 11 Home/Office Home 2024/Iron Grey/1.43 kg), 83A0A0PCIN",₹56990,3.7 out of 5 stars,https://m.media-amazon.com/images/I/71odoZVRgaL._AC_UY218_.jpg,Ad,https://www.amazon.in/sspa/click?ie=UTF8&spc=MTo1MzIyNjIxNzY3MjM1ODQ4OjE3ODA5MDgxNDU6c3BfYnRmOjMwMDY5NjkxMDA2MTgzMjo6MDo6&url=%2FLenovo-1920x1080-Antiglare-Windows-83A0A0PCIN%2Fdp%2FB0FNQZ9HWX%2Fref%3Dsr_1_38_sspa%3Fdib%3DeyJ2IjoiMSJ9.CFmhzJbS89Kq0zDTO3kOMqt0fuEDjdRZaHHCjVwhjCq8pc24KOg-Hu57-ch9y43r6p3jYBhTvqXDqtfOjpkfxbzJUvm82OmhfVYNlsP3jUYEttr-4MgpfCgPgJmUu9ijrDJZ-dicmRGwoQDGpEdgS9YLg0ePhUQk23T21GyZTrqLTipSiwws_3lGKMbm49C1wgorim5m2No_O2LFqsptElV1JMN1PEPUZd_DKaKihcs.rsh8k1fSzmpMA7TsTQwa91pIYS3rRFarIKwTjWVPd9o%26dib_tag%3Dse%26keywords%3Dlaptops%26qid%3D1780908145%26aref%3DM0zFv9qL7N%26sp_csd%3Dd2lkZ2V0TmFtZT1zcF9idGY%26psc%3D1&aref=M0zFv9qL7N&sp_cr=ZAZ
"HP Smartchoice OmniBook 5 OLED (Previously Pavilion), Snapdragon X Processor (16GB LPDDR5x, 512GB SSD) 2K, 14''/35.6cm, Win11, M365(1yr)* Office24, Silver, 1.35kg, he0014QU, Next-Gen AI Laptop",₹79990,4.2 out of 5 stars,https://m.media-amazon.com/images/I/71ZlIDunitL._AC_UY218_.jpg,Ad,https://www.amazon.in/sspa/click?ie=UTF8&spc=MToyMzE2NjYzMjAyNzIzMDMwOjE3ODA5MDgxNDk6c3BfYXRmX25leHQ6MzAxMDc3Njk2MzU1NTMyOjowOjo&url=%2FHP-Previously-Snapdragon-Processor-Light-Weight%2Fdp%2FB0F8P4Y7VF%2Fref%3Dsr_1_33_sspa%3Fdib%3DeyJ2IjoiMSJ9.bZh2WDogVWL9wYV-9ZARih-QuASApTVwHhwWgqWcjPl7XMovDc9qOTZJlbDf_-8dOANzG-enRK4ReuY1DWl_LQIqhF0pGcYDov0SHbd1FKmfT56bezbEqtg0ihIy4MuEkB7Az_KxRhPXvUKgsfcSEKiuJ3LOOBLXcYnne97n6G30akTg_6UUc9WgMGvAGXnX7UyBUnE97iqnCHcYxivblE7gk-AOzIEVM0Hakk1gO40.w1mZt8tBfejTw4ygNYVb3Segog0sEhYz7p8di5UXLfY%26dib_tag%3Dse%26keywords%3Dlaptops%26qid%3D1780908149%26aref%3D5PpUNM42iT%26sp_csd%3Dd2lkZ2V0TmFtZT1zcF9hdGZfbmV4dA%26psc%3D1&aref=5PpUNM42iT&sp_cr=ZAZ
"Lenovo IdeaPad Slim 3 13th Gen Core i5-13420H 15.3 inch (38.8cm) WUXGA IPS Laptop (16GB RAM/512GB SSD/Windows 11/Office Home 2024/Top Metal Cover/Backlit Keyboard/1Yr ADP/Grey/1.6Kg), 83K100S3IN",₹65500,2.3 out of 5 stars,https://m.media-amazon.com/images/I/71D9HSayVSL._AC_UY218_.jpg,Ad,https://www.amazon.in/sspa/click?ie=UTF8&spc=MToyMzE2NjYzMjAyNzIzMDMwOjE3ODA5MDgxNDk6c3BfYXRmX25leHQ6MzAwOTYxNTQ5OTE2MTMyOjowOjo&url=%2FLenovo-IdeaPad-i5-13420H-Keyboard-83K100S3IN%2Fdp%2FB0GDQFZBQC%2Fref%3Dsr_1_34_sspa%3Fdib%3DeyJ2IjoiMSJ9.bZh2WDogVWL9wYV-9ZARih-QuASApTVwHhwWgqWcjPl7XMovDc9qOTZJlbDf_-8dOANzG-enRK4ReuY1DWl_LQIqhF0pGcYDov0SHbd1FKmfT56bezbEqtg0ihIy4MuEkB7Az_KxRhPXvUKgsfcSEKiuJ3LOOBLXcYnne97n6G30akTg_6UUc9WgMGvAGXnX7UyBUnE97iqnCHcYxivblE7gk-AOzIEVM0Hakk1gO40.w1mZt8tBfejTw4ygNYVb3Segog0sEhYz7p8di5UXLfY%26dib_tag%3Dse%26keywords%3Dlaptops%26qid%3D1780908149%26aref%3D3BmXYKHCxf%26sp_csd%3Dd2lkZ2V0TmFtZT1zcF9hdGZfbmV4dA%26psc%3D1&aref=3BmXYKHCxf&sp_cr=ZAZ
"Lenovo V15 G4 AMD Ryzen 5 7520U 15.6 inch FHD Laptop, AMD Graphics, 16GB DDR5 5500Mhz Ram, 512GB SSD NVMe, Windows 11, Dolby Audio, Arctic Grey, 1 Year Onsite Brand Warranty",₹54790,4.0 out of 5 stars,https://m.media-amazon.com/images/I/71aup0IO2ZL._AC_UY218_.jpg,Organic,https://www.amazon.in/Lenovo-Graphics-5500Mhz-Windows-Warranty/dp/B0F29HNJL1/ref=sr_1_35?dib=eyJ2IjoiMSJ9.bZh2WDogVWL9wYV-9ZARih-QuASApTVwHhwWgqWcjPl7XMovDc9qOTZJlbDf_-8dOANzG-enRK4ReuY1DWl_LQIqhF0pGcYDov0SHbd1FKmfT56bezbEqtg0ihIy4MuEkB7Az_KxRhPXvUKgsfcSEKiuJ3LOOBLXcYnne97n6G30akTg_6UUc9WgMGvAGXnX7UyBUnE97iqnCHcYxivblE7gk-AOzIEVM0Hakk1gO40.w1mZt8tBfejTw4ygNYVb3Segog0sEhYz7p8di5UXLfY&dib_tag=se&keywords=laptops&qid=1780908149
"Acer Aspire 3 Laptop Intel Core Celeron N4500 Processor Laptop (8 GB LPDDR4X SDRAM/256 GB SSD/Win11 Home/38 WHR/HD Webcam) A325-45 with 39.63 cm (15.6"") HD Display, Pure Silver, 1.5 KG",₹36990,3.6 out of 5 stars,https://m.media-amazon.com/images/I/41bdNUDc8pL._AC_UY218_.jpg,Organic,https://www.amazon.in/Acer-Celeron-Processor-LPDDR4X-A325-45/dp/B0D7PTFFZH/ref=sr_1_36?dib=eyJ2IjoiMSJ9.bZh2WDogVWL9wYV-9ZARih-QuASApTVwHhwWgqWcjPl7XMovDc9qOTZJlbDf_-8dOANzG-enRK4ReuY1DWl_LQIqhF0pGcYDov0SHbd1FKmfT56bezbEqtg0ihIy4MuEkB7Az_KxRhPXvUKgsfcSEKiuJ3LOOBLXcYnne97n6G30akTg_6UUc9WgMGvAGXnX7UyBUnE97iqnCHcYxivblE7gk-AOzIEVM0Hakk1gO40.w1mZt8tBfejTw4ygNYVb3Segog0sEhYz7p8di5UXLfY&dib_tag=se&keywords=laptops&qid=1780908149
"ASUS Vivobook 16, Smartchoice, Intel Core Ultra 5 Series 2, 16GB RAM, 512GB SSD, FHD+ 16"", Windows 11, Office Home 2024, Silver, 1.88kg, X1607CA-MB142WS, Intel iGPU, M365 Basic (1Year)* Laptop",₹67990,4.4 out of 5 stars,https://m.media-amazon.com/images/I/714zVJcMt5L._AC_UY218_.jpg,Organic,https://www.amazon.in/ASUS-Vivobook-Backlit-Keyboard-X1607CA-MB142WS/dp/B0DT74FF9P/ref=sr_1_37?dib=eyJ2IjoiMSJ9.bZh2WDogVWL9wYV-9ZARih-QuASApTVwHhwWgqWcjPl7XMovDc9qOTZJlbDf_-8dOANzG-enRK4ReuY1DWl_LQIqhF0pGcYDov0SHbd1FKmfT56bezbEqtg0ihIy4MuEkB7Az_KxRhPXvUKgsfcSEKiuJ3LOOBLXcYnne97n6G30akTg_6UUc9WgMGvAGXnX7UyBUnE97iqnCHcYxivblE7gk-AOzIEVM0Hakk1gO40.w1mZt8tBfejTw4ygNYVb3Segog0sEhYz7p8di5UXLfY&dib_tag=se&keywords=laptops&qid=1780908149
𝗗𝗲𝗹𝗹Laptop Model 5400 Laptop | InteI Core i5 8th Gen | 8GB RAM | 256GB SSD | 14” FHD Display | Win 10 | Business Laptop | Seller Warranty | A+ Condition (Refab),₹27950,5.0 out of 5 stars,https://m.media-amazon.com/images/I/31q2-8TNSZL._AC_UY218_.jpg,Organic,https://www.amazon.in/%F0%9D%97%97%F0%9D%97%B2%F0%9D%97%B9%F0%9D%97%B9Laptop-5400-8th-Gen-Condition/dp/B0GXP82YKC/ref=sr_1_38?dib=eyJ2IjoiMSJ9.bZh2WDogVWL9wYV-9ZARih-QuASApTVwHhwWgqWcjPl7XMovDc9qOTZJlbDf_-8dOANzG-enRK4ReuY1DWl_LQIqhF0pGcYDov0SHbd1FKmfT56bezbEqtg0ihIy4MuEkB7Az_KxRhPXvUKgsfcSEKiuJ3LOOBLXcYnne97n6G30akTg_6UUc9WgMGvAGXnX7UyBUnE97iqnCHcYxivblE7gk-AOzIEVM0Hakk1gO40.w1mZt8tBfejTw4ygNYVb3Segog0sEhYz7p8di5UXLfY&dib_tag=se&keywords=laptops&qid=1780908149
"HP Smartchoice Victus, AMD Ryzen 7 7445HS, 6GB RTX 3050, 16GB DDR5(Upgradeable) 512GB SSD, FHD, 144Hz, 300 nits, 15.6''/39.6cm, Win 11, M365* Office24, Blue, 2.29kg, fb3134AX/3120ax, Gaming Laptop",₹78990,4.1 out of 5 stars,https://m.media-amazon.com/images/I/71o5eHSQiKL._AC_UY218_.jpg,Organic,https://www.amazon.in/HP-Smartchoice-Upgradeable-Office24-fb3134AX/dp/B0FDKPXD95/ref=sr_1_39?dib=eyJ2IjoiMSJ9.bZh2WDogVWL9wYV-9ZARih-QuASApTVwHhwWgqWcjPl7XMovDc9qOTZJlbDf_-8dOANzG-enRK4ReuY1DWl_LQIqhF0pGcYDov0SHbd1FKmfT56bezbEqtg0ihIy4MuEkB7Az_KxRhPXvUKgsfcSEKiuJ3LOOBLXcYnne97n6G30akTg_6UUc9WgMGvAGXnX7UyBUnE97iqnCHcYxivblE7gk-AOzIEVM0Hakk1gO40.w1mZt8tBfejTw4ygNYVb3Segog0sEhYz7p8di5UXLfY&dib_tag=se&keywords=laptops&qid=1780908149
"HP 14, Intel Core 5-120U (16GB DDR4, 512GB SSD), FHD, Micro -Edge, Anti-Glare, 14''/35.6cm, Win11, M365* Office24, Silver, 1.41kg, ep0385tu, FHD Camera, Iris Xe Graphics, Backlit Laptop",₹66990,5.0 out of 5 stars,https://m.media-amazon.com/images/I/71eNAjELMwL._AC_UY218_.jpg,Organic,https://www.amazon.in/HP-Anti-Glare-Office24-ep0385tu-Graphics/dp/B0FPGGPPM7/ref=sr_1_40?dib=eyJ2IjoiMSJ9.bZh2WDogVWL9wYV-9ZARih-QuASApTVwHhwWgqWcjPl7XMovDc9qOTZJlbDf_-8dOANzG-enRK4ReuY1DWl_LQIqhF0pGcYDov0SHbd1FKmfT56bezbEqtg0ihIy4MuEkB7Az_KxRhPXvUKgsfcSEKiuJ3LOOBLXcYnne97n6G30akTg_6UUc9WgMGvAGXnX7UyBUnE97iqnCHcYxivblE7gk-AOzIEVM0Hakk1gO40.w1mZt8tBfejTw4ygNYVb3Segog0sEhYz7p8di5UXLfY&dib_tag=se&keywords=laptops&qid=1780908149
"acer SmartChoice Aspire Lite, AMD Ryzen 5-5625U Processor, 16 GB/512 GB, Full HD, 15.6""/39.62 cm, Windows 11 Home, Steel Gray, 1.59 kg, AL15-41, Metal Body, Thin and Light Laptop",₹54990,4.0 out of 5 stars,https://m.media-amazon.com/images/I/718UBZxpxrL._AC_UY218_.jpg,Organic,https://www.amazon.in/5-5625U-Premium-Windows-AL15-41-Display/dp/B0DG2GCTD7/ref=sr_1_41?dib=eyJ2IjoiMSJ9.bZh2WDogVWL9wYV-9ZARih-QuASApTVwHhwWgqWcjPl7XMovDc9qOTZJlbDf_-8dOANzG-enRK4ReuY1DWl_LQIqhF0pGcYDov0SHbd1FKmfT56bezbEqtg0ihIy4MuEkB7Az_KxRhPXvUKgsfcSEKiuJ3LOOBLXcYnne97n6G30akTg_6UUc9WgMGvAGXnX7UyBUnE97iqnCHcYxivblE7gk-AOzIEVM0Hakk1gO40.w1mZt8tBfejTw4ygNYVb3Segog0sEhYz7p8di5UXLfY&dib_tag=se&keywords=laptops&qid=1780908149
"ASUS Vivobook 14 (2026),Intel Core Ultra 5 225H, Intel iGPU,16GB RAM,1TB SSD,FHD+,14""(35.5 cm),Windows 11,M365 Basic(1 Year)* Office 2024, Platinum Gold, 1.46 Kg, X1407CA-LY1581WS,Thin & Light Laptop",₹69990,4.4 out of 5 stars,https://m.media-amazon.com/images/I/418dOHs7XKL._AC_UY218_.jpg,Organic,https://www.amazon.in/ASUS-Vivobook-Windows-Platinum-X1407CA-LY1581WS/dp/B0GNMY1HHY/ref=sr_1_42?dib=eyJ2IjoiMSJ9.bZh2WDogVWL9wYV-9ZARih-QuASApTVwHhwWgqWcjPl7XMovDc9qOTZJlbDf_-8dOANzG-enRK4ReuY1DWl_LQIqhF0pGcYDov0SHbd1FKmfT56bezbEqtg0ihIy4MuEkB7Az_KxRhPXvUKgsfcSEKiuJ3LOOBLXcYnne97n6G30akTg_6UUc9WgMGvAGXnX7UyBUnE97iqnCHcYxivblE7gk-AOzIEVM0Hakk1gO40.w1mZt8tBfejTw4ygNYVb3Segog0sEhYz7p8di5UXLfY&dib_tag=se&keywords=laptops&qid=1780908149
"Lenovo Ideapad Slim 3, 13th Gen Intel Core i7 13620H, 16GB RAM, 512GB SSD, WUXGA IPS, 15.3""/38.8cm, Win 11, Office 2024, Top Metal Cover Grey, 1.6Kg, 83K100CJIN/S1IN, Backlit KB, Laptop",₹79990,4.2 out of 5 stars,https://m.media-amazon.com/images/I/71IjxF4prWL._AC_UY218_.jpg,Ad,https://www.amazon.in/sspa/click?ie=UTF8&spc=MToyMzE2NjYzMjAyNzIzMDMwOjE3ODA5MDgxNDk6c3BfbXRmOjMwMDk2MTU0OTkxNjgzMjo6MDo6&url=%2FLenovo-Smartchoice-I7-13620H-Keyboard-83K100CJIN%2Fdp%2FB0F2162VGQ%2Fref%3Dsr_1_43_sspa%3Fdib%3DeyJ2IjoiMSJ9.bZh2WDogVWL9wYV-9ZARih-QuASApTVwHhwWgqWcjPl7XMovDc9qOTZJlbDf_-8dOANzG-enRK4ReuY1DWl_LQIqhF0pGcYDov0SHbd1FKmfT56bezbEqtg0ihIy4MuEkB7Az_KxRhPXvUKgsfcSEKiuJ3LOOBLXcYnne97n6G30akTg_6UUc9WgMGvAGXnX7UyBUnE97iqnCHcYxivblE7gk-AOzIEVM0Hakk1gO40.w1mZt8tBfejTw4ygNYVb3Segog0sEhYz7p8di5UXLfY%26dib_tag%3Dse%26keywords%3Dlaptops%26qid%3D1780908149%26aref%3D1d0KZd47QZ%26sp_csd%3Dd2lkZ2V0TmFtZT1zcF9tdGY%26psc%3D1&aref=1d0KZd47QZ&sp_cr=ZAZ
"HP 15, AMD Ryzen 5 7520U (16GB DDR4, 512GB SSD) FHD, Anti-Glare, Micro-Edge, 15.6''/39.6cm, Win11, M365 Basic(1yr), Offic24, Silver,1.59kg, fc0806AU, FHD Camera w/Privacy Shutter, Backlit Laptop",₹63990,N/A,https://m.media-amazon.com/images/I/71FVyverqHL._AC_UY218_.jpg,Ad,https://www.amazon.in/sspa/click?ie=UTF8&spc=MToyMzE2NjYzMjAyNzIzMDMwOjE3ODA5MDgxNDk6c3BfbXRmOjMwMTA3MDIzMzE3OTkzMjo6MDo6&url=%2FHP-Anti-Glare-Micro-Edge-Offic24-fc0806AU%2Fdp%2FB0GTVDH4G2%2Fref%3Dsr_1_44_sspa%3Fdib%3DeyJ2IjoiMSJ9.bZh2WDogVWL9wYV-9ZARih-QuASApTVwHhwWgqWcjPl7XMovDc9qOTZJlbDf_-8dOANzG-enRK4ReuY1DWl_LQIqhF0pGcYDov0SHbd1FKmfT56bezbEqtg0ihIy4MuEkB7Az_KxRhPXvUKgsfcSEKiuJ3LOOBLXcYnne97n6G30akTg_6UUc9WgMGvAGXnX7UyBUnE97iqnCHcYxivblE7gk-AOzIEVM0Hakk1gO40.w1mZt8tBfejTw4ygNYVb3Segog0sEhYz7p8di5UXLfY%26dib_tag%3Dse%26keywords%3Dlaptops%26qid%3D1780908149%26aref%3D3DYrBYXBVr%26sp_csd%3Dd2lkZ2V0TmFtZT1zcF9tdGY%26psc%3D1&aref=3DYrBYXBVr&sp_cr=ZAZ
"acer Aspire Lite, AMD Ryzen 3 5300U Processor, 16 GB RAM, 512GB SSD, Full HD, 15.6""/39.62cm, Windows 11 Home, Steel Gray, 1.59KG, AL15-41, Metal Body, Premium Thin and Light Laptop",₹49790,4.0 out of 5 stars,https://m.media-amazon.com/images/I/513p8BwV-RL._AC_UY218_.jpg,Organic,https://www.amazon.in/Acer-Premium-Windows-AL15-41-Display/dp/B0CWTYGPH8/ref=sr_1_45?dib=eyJ2IjoiMSJ9.bZh2WDogVWL9wYV-9ZARih-QuASApTVwHhwWgqWcjPl7XMovDc9qOTZJlbDf_-8dOANzG-enRK4ReuY1DWl_LQIqhF0pGcYDov0SHbd1FKmfT56bezbEqtg0ihIy4MuEkB7Az_KxRhPXvUKgsfcSEKiuJ3LOOBLXcYnne97n6G30akTg_6UUc9WgMGvAGXnX7UyBUnE97iqnCHcYxivblE7gk-AOzIEVM0Hakk1gO40.w1mZt8tBfejTw4ygNYVb3Segog0sEhYz7p8di5UXLfY&dib_tag=se&keywords=laptops&qid=1780908149
"HP Pavilion Plus, Intel Core i5-1335U-13th Gen Laptop, (16GB LPDDR5x,512GB SSD),IPS, 300 nits, 14''(35.6cm) 2K,Win 11, M365 Basic(1yr), Office Home 24, Silver,1.38kg, 5MP Camera w/Shutter, ew0107TU",₹64490,3.7 out of 5 stars,https://m.media-amazon.com/images/I/61s8J1vGi0L._AC_UY218_.jpg,Organic,https://www.amazon.in/HP-Pavilion-i5-1335U-13th-LPDDR5x-ew0107TU/dp/B07FLHBMXY/ref=sr_1_46?dib=eyJ2IjoiMSJ9.bZh2WDogVWL9wYV-9ZARih-QuASApTVwHhwWgqWcjPl7XMovDc9qOTZJlbDf_-8dOANzG-enRK4ReuY1DWl_LQIqhF0pGcYDov0SHbd1FKmfT56bezbEqtg0ihIy4MuEkB7Az_KxRhPXvUKgsfcSEKiuJ3LOOBLXcYnne97n6G30akTg_6UUc9WgMGvAGXnX7UyBUnE97iqnCHcYxivblE7gk-AOzIEVM0Hakk1gO40.w1mZt8tBfejTw4ygNYVb3Segog0sEhYz7p8di5UXLfY&dib_tag=se&keywords=laptops&qid=1780908149
"Lenovo IdeaPad Slim 3, AMD Ryzen 7 8840HS, 24GB RAM, 1TB SSD, WUXGA IPS, AI PC, 15.3""/38.8cm, Backlit Keyboard, Windows 11, Office Home 2024, Grey, 1.6Kg, 1Yr ADP Free, 83KA004TIN, AI Powered Laptop",₹81990,4.1 out of 5 stars,https://m.media-amazon.com/images/I/81qhEwftqEL._AC_UY218_.jpg,Organic,https://www.amazon.in/Lenovo-IdeaPad-Windows-Keyboard-83KA004TIN/dp/B0FCYB67QJ/ref=sr_1_47?dib=eyJ2IjoiMSJ9.bZh2WDogVWL9wYV-9ZARih-QuASApTVwHhwWgqWcjPl7XMovDc9qOTZJlbDf_-8dOANzG-enRK4ReuY1DWl_LQIqhF0pGcYDov0SHbd1FKmfT56bezbEqtg0ihIy4MuEkB7Az_KxRhPXvUKgsfcSEKiuJ3LOOBLXcYnne97n6G30akTg_6UUc9WgMGvAGXnX7UyBUnE97iqnCHcYxivblE7gk-AOzIEVM0Hakk1gO40.w1mZt8tBfejTw4ygNYVb3Segog0sEhYz7p8di5UXLfY&dib_tag=se&keywords=laptops&qid=1780908149
"HP Smartchoice Victus, 14th Gen Intel Core i5-14450HX, 6GB RTX 3050 (24GB DDR5, 512GB SSD) FHD, 144Hz, 15.6''/39.6cm, Win11, M365* Office24, Mica Silver, 2.3kg, fa2303tx/fa2315tx, RGB Gaming Laptop",₹87989,4.2 out of 5 stars,https://m.media-amazon.com/images/I/71ESz+ewFFL._AC_UY218_.jpg,Organic,https://www.amazon.in/HP-Smartchoice-i5-14450HX-Office24-fa2303tx/dp/B0G46HR61G/ref=sr_1_48?dib=eyJ2IjoiMSJ9.bZh2WDogVWL9wYV-9ZARih-QuASApTVwHhwWgqWcjPl7XMovDc9qOTZJlbDf_-8dOANzG-enRK4ReuY1DWl_LQIqhF0pGcYDov0SHbd1FKmfT56bezbEqtg0ihIy4MuEkB7Az_KxRhPXvUKgsfcSEKiuJ3LOOBLXcYnne97n6G30akTg_6UUc9WgMGvAGXnX7UyBUnE97iqnCHcYxivblE7gk-AOzIEVM0Hakk1gO40.w1mZt8tBfejTw4ygNYVb3Segog0sEhYz7p8di5UXLfY&dib_tag=se&keywords=laptops&qid=1780908149
"ASUS Vivobook S16,14th Gen, Intel Core 5-210H,Metallic Design Laptop(Intel UHD iGPU/16GB RAM/512GB SSD/FHD+/16""/144Hz/Windows 11/M365 Basic(1Year)*/Office Home 2024/Silver/1.7Kg) S3607VA-RP114WS",₹66990,4.4 out of 5 stars,https://m.media-amazon.com/images/I/71G5K6npdCL._AC_UY218_.jpg,Organic,https://www.amazon.in/ASUS-Vivobook-Metallic-Windows-S3607VA-RP114WS/dp/B0FNKFV89X/ref=sr_1_49?dib=eyJ2IjoiMSJ9.bZh2WDogVWL9wYV-9ZARih-QuASApTVwHhwWgqWcjPl7XMovDc9qOTZJlbDf_-8dOANzG-enRK4ReuY1DWl_LQIqhF0pGcYDov0SHbd1FKmfT56bezbEqtg0ihIy4MuEkB7Az_KxRhPXvUKgsfcSEKiuJ3LOOBLXcYnne97n6G30akTg_6UUc9WgMGvAGXnX7UyBUnE97iqnCHcYxivblE7gk-AOzIEVM0Hakk1gO40.w1mZt8tBfejTw4ygNYVb3Segog0sEhYz7p8di5UXLfY&dib_tag=se&keywords=laptops&qid=1780908149
"HP 15, Intel Core 5-120U (8GB DDR4, 512GB SSD) FHD, Anti-Glare, Micro-Edge, 15.6''/39.6cm, Win11, M365 Basic(1yr), Office Home24, Silver,1.59kg, fd0651TU, FHD Camera w/Privacy Shutter, Backlit Laptop",₹56789,4.5 out of 5 stars,https://m.media-amazon.com/images/I/71Pvu4wjdtL._AC_UY218_.jpg,Organic,https://www.amazon.in/HP-Anti-Glare-Micro-Edge-fd0651TU-Privacy/dp/B0GF8BZ3G2/ref=sr_1_50?dib=eyJ2IjoiMSJ9.bZh2WDogVWL9wYV-9ZARih-QuASApTVwHhwWgqWcjPl7XMovDc9qOTZJlbDf_-8dOANzG-enRK4ReuY1DWl_LQIqhF0pGcYDov0SHbd1FKmfT56bezbEqtg0ihIy4MuEkB7Az_KxRhPXvUKgsfcSEKiuJ3LOOBLXcYnne97n6G30akTg_6UUc9WgMGvAGXnX7UyBUnE97iqnCHcYxivblE7gk-AOzIEVM0Hakk1gO40.w1mZt8tBfejTw4ygNYVb3Segog0sEhYz7p8di5UXLfY&dib_tag=se&keywords=laptops&qid=1780908149
"HP Omen, Intel Core Ultra 7 255H, 8GB RTX 5060, 24GB DDR5(Upgradeable) 1TB SSD, 2K, 165Hz, 3ms Response time, IPS, 16''/40.6cm, Win11, M365*Office24, Shadow Black, 2.43kg, am0238tx, RGB Gaming Laptop",₹179857,3.9 out of 5 stars,https://m.media-amazon.com/images/I/71zHOTtSNfL._AC_UY218_.jpg,Organic,https://www.amazon.in/HP-Upgradeable-Response-Office24-am0238tx/dp/B0G3V4R8LK/ref=sr_1_51?dib=eyJ2IjoiMSJ9.bZh2WDogVWL9wYV-9ZARih-QuASApTVwHhwWgqWcjPl7XMovDc9qOTZJlbDf_-8dOANzG-enRK4ReuY1DWl_LQIqhF0pGcYDov0SHbd1FKmfT56bezbEqtg0ihIy4MuEkB7Az_KxRhPXvUKgsfcSEKiuJ3LOOBLXcYnne97n6G30akTg_6UUc9WgMGvAGXnX7UyBUnE97iqnCHcYxivblE7gk-AOzIEVM0Hakk1gO40.w1mZt8tBfejTw4ygNYVb3Segog0sEhYz7p8di5UXLfY&dib_tag=se&keywords=laptops&qid=1780908149
"MSI Thin 15, Intel 13th Gen. i5-13420H, 40CM FHD 144Hz Gaming Laptop (16GB/512GB NVMe SSD/Windows 11 Home/NVIDIA GeForce RTX 3050, GDDR6 6GB/Cosmos Gray/1.8Kg) B13UDX-129IN",₹73900,4.3 out of 5 stars,https://m.media-amazon.com/images/I/51w9ar5n+UL._AC_UY218_.jpg,Organic,https://www.amazon.in/MSI-i5-13420H-Windows-GeForce-B13UDX-129IN/dp/B0G4SQRY6T/ref=sr_1_52?dib=eyJ2IjoiMSJ9.bZh2WDogVWL9wYV-9ZARih-QuASApTVwHhwWgqWcjPl7XMovDc9qOTZJlbDf_-8dOANzG-enRK4ReuY1DWl_LQIqhF0pGcYDov0SHbd1FKmfT56bezbEqtg0ihIy4MuEkB7Az_KxRhPXvUKgsfcSEKiuJ3LOOBLXcYnne97n6G30akTg_6UUc9WgMGvAGXnX7UyBUnE97iqnCHcYxivblE7gk-AOzIEVM0Hakk1gO40.w1mZt8tBfejTw4ygNYVb3Segog0sEhYz7p8di5UXLfY&dib_tag=se&keywords=laptops&qid=1780908149
"Lenovo V14 Intel Core i3 13th Gen 14"" FHD (1920x1080) Antiglare 250 Nits Thin and Light Laptop (16GB RAM/512GB SSD/Windows 11 Home/Office Home 2024/Iron Grey/1.43 kg), 83A0A0PCIN",₹56990,3.7 out of 5 stars,https://m.media-amazon.com/images/I/71odoZVRgaL._AC_UY218_.jpg,Ad,https://www.amazon.in/sspa/click?ie=UTF8&spc=MToyMzE2NjYzMjAyNzIzMDMwOjE3ODA5MDgxNDk6c3BfYnRmOjMwMDY5NjkxMDA2MTgzMjo6MDo6&url=%2FLenovo-1920x1080-Antiglare-Windows-83A0A0PCIN%2Fdp%2FB0FNQZ9HWX%2Fref%3Dsr_1_53_sspa%3Fdib%3DeyJ2IjoiMSJ9.bZh2WDogVWL9wYV-9ZARih-QuASApTVwHhwWgqWcjPl7XMovDc9qOTZJlbDf_-8dOANzG-enRK4ReuY1DWl_LQIqhF0pGcYDov0SHbd1FKmfT56bezbEqtg0ihIy4MuEkB7Az_KxRhPXvUKgsfcSEKiuJ3LOOBLXcYnne97n6G30akTg_6UUc9WgMGvAGXnX7UyBUnE97iqnCHcYxivblE7gk-AOzIEVM0Hakk1gO40.w1mZt8tBfejTw4ygNYVb3Segog0sEhYz7p8di5UXLfY%26dib_tag%3Dse%26keywords%3Dlaptops%26qid%3D1780908149%26aref%3DM0zFv9qL7N%26sp_csd%3Dd2lkZ2V0TmFtZT1zcF9idGY%26psc%3D1&aref=M0zFv9qL7N&sp_cr=ZAZ
"Lenovo Yoga Slim 7, Intel Core Ultra 5 125H, 16GB RAM, 512GB SSD, AI PC, WUXGA-OLED, 14""/35.5cm, Windows 11, Microsoft 365 Basic + Office 2024, Grey, 1.39Kg, 83CV00DFIN, AI Powered Laptop",₹82990,4.2 out of 5 stars,https://m.media-amazon.com/images/I/81PaO9Q1WFL._AC_UY218_.jpg,Ad,https://www.amazon.in/sspa/click?ie=UTF8&spc=MToyMzE2NjYzMjAyNzIzMDMwOjE3ODA5MDgxNDk6c3BfYnRmOjMwMDk2MTU0OTkxNjIzMjo6MDo6&url=%2FLenovo-WUXGA-OLED-Windows-Microsoft-83CV00DFIN%2Fdp%2FB0FNQYPBT9%2Fref%3Dsr_1_54_sspa%3Fdib%3DeyJ2IjoiMSJ9.bZh2WDogVWL9wYV-9ZARih-QuASApTVwHhwWgqWcjPl7XMovDc9qOTZJlbDf_-8dOANzG-enRK4ReuY1DWl_LQIqhF0pGcYDov0SHbd1FKmfT56bezbEqtg0ihIy4MuEkB7Az_KxRhPXvUKgsfcSEKiuJ3LOOBLXcYnne97n6G30akTg_6UUc9WgMGvAGXnX7UyBUnE97iqnCHcYxivblE7gk-AOzIEVM0Hakk1gO40.w1mZt8tBfejTw4ygNYVb3Segog0sEhYz7p8di5UXLfY%26dib_tag%3Dse%26keywords%3Dlaptops%26qid%3D1780908149%26aref%3DV4ohzTZHDu%26sp_csd%3Dd2lkZ2V0TmFtZT1zcF9idGY%26psc%3D1&aref=V4ohzTZHDu&sp_cr=ZAZ
"Lenovo IdeaPad Slim 3 13th Gen Core i5-13420H 15.3 inch (38.8cm) WUXGA IPS Laptop (16GB RAM/512GB SSD/Windows 11/Office Home 2024/Top Metal Cover/Backlit Keyboard/1Yr ADP/Grey/1.6Kg), 83K100S3IN",₹65500,2.3 out of 5 stars,https://m.media-amazon.com/images/I/71D9HSayVSL._AC_UY218_.jpg,Ad,https://www.amazon.in/sspa/click?ie=UTF8&spc=MTo4NzQ4OTg5MzU5NTExNzk4OjE3ODA5MDgxNTQ6c3BfYXRmX25leHQ6MzAwOTYxNTQ5OTE2MTMyOjowOjo&url=%2FLenovo-IdeaPad-i5-13420H-Keyboard-83K100S3IN%2Fdp%2FB0GDQFZBQC%2Fref%3Dsr_1_49_sspa%3Fdib%3DeyJ2IjoiMSJ9.w8oFAEY_Lmg_lVNDo7Qo51IluS4lWafbRaBpn-RkJvqUn5CXWeiZdW9u-dJtilreu-Lmhn0YMnUBVKvJoG2-RDcdoMZcXnB0I6axKCUxXH9w1xnfhsa6vkoR7rDRo3VvhbGrKXorMHnF_oPAi04q7c-l2gMcoZUbyQQxOxER6iMm_kT2_FijFwmOZiI8BlIIgnIvV6PkuVvoVkw4nHVgHfQrYPPe7yXbD0s5bqg3b2s.dVG3py9TnhHzV7g7Jw04RpQ34FFI4QnaoQ1_3VZqu_A%26dib_tag%3Dse%26keywords%3Dlaptops%26qid%3D1780908153%26aref%3D3BmXYKHCxf%26sp_csd%3Dd2lkZ2V0TmFtZT1zcF9hdGZfbmV4dA%26psc%3D1&aref=3BmXYKHCxf&sp_cr=ZAZ
"Lenovo Ideapad Slim 3, 13th Gen Intel Core i7 13620H, 16GB RAM, 512GB SSD, WUXGA IPS, 15.3""/38.8cm, Win 11, Office 2024, Top Metal Cover Grey, 1.6Kg, 83K100CJIN/S1IN, Backlit KB, Laptop",₹79990,4.2 out of 5 stars,https://m.media-amazon.com/images/I/71IjxF4prWL._AC_UY218_.jpg,Ad,https://www.amazon.in/sspa/click?ie=UTF8&spc=MTo4NzQ4OTg5MzU5NTExNzk4OjE3ODA5MDgxNTQ6c3BfYXRmX25leHQ6MzAwOTYxNTQ5OTE2ODMyOjowOjo&url=%2FLenovo-Smartchoice-I7-13620H-Keyboard-83K100CJIN%2Fdp%2FB0F2162VGQ%2Fref%3Dsr_1_50_sspa%3Fdib%3DeyJ2IjoiMSJ9.w8oFAEY_Lmg_lVNDo7Qo51IluS4lWafbRaBpn-RkJvqUn5CXWeiZdW9u-dJtilreu-Lmhn0YMnUBVKvJoG2-RDcdoMZcXnB0I6axKCUxXH9w1xnfhsa6vkoR7rDRo3VvhbGrKXorMHnF_oPAi04q7c-l2gMcoZUbyQQxOxER6iMm_kT2_FijFwmOZiI8BlIIgnIvV6PkuVvoVkw4nHVgHfQrYPPe7yXbD0s5bqg3b2s.dVG3py9TnhHzV7g7Jw04RpQ34FFI4QnaoQ1_3VZqu_A%26dib_tag%3Dse%26keywords%3Dlaptops%26qid%3D1780908153%26aref%3D1d0KZd47QZ%26sp_csd%3Dd2lkZ2V0TmFtZT1zcF9hdGZfbmV4dA%26psc%3D1&aref=1d0KZd47QZ&sp_cr=ZAZ
"HP 15, Intel Core Ultra 5 125H (16GB DDR5, 1TB SSD) FHD, IPS, 15.6''/39.6cm, Win11, M365 Basic(1yr)*Office24, Silver, 1.65kg, fd1354TU, Intel Arc Graphics, FHD Camera w/Shutter, AI Powered Laptop",₹74990,3.8 out of 5 stars,https://m.media-amazon.com/images/I/71dyfY6G0aL._AC_UY218_.jpg,Organic,https://www.amazon.in/HP-Office24-fd1354TU-Graphics-Shutter/dp/B0F5B1N9SJ/ref=sr_1_51?dib=eyJ2IjoiMSJ9.w8oFAEY_Lmg_lVNDo7Qo51IluS4lWafbRaBpn-RkJvqUn5CXWeiZdW9u-dJtilreu-Lmhn0YMnUBVKvJoG2-RDcdoMZcXnB0I6axKCUxXH9w1xnfhsa6vkoR7rDRo3VvhbGrKXorMHnF_oPAi04q7c-l2gMcoZUbyQQxOxER6iMm_kT2_FijFwmOZiI8BlIIgnIvV6PkuVvoVkw4nHVgHfQrYPPe7yXbD0s5bqg3b2s.dVG3py9TnhHzV7g7Jw04RpQ34FFI4QnaoQ1_3VZqu_A&dib_tag=se&keywords=laptops&qid=1780908153
"Lenovo Ideapad Slim 3, 13th Gen Intel Core i7 13620H, 16GB RAM, 512GB SSD, WUXGA IPS, 15.3""/38.8cm, Win 11, Office 2024, Top Metal Cover Grey, 1.6Kg, 83K100CJIN/S1IN, Backlit KB, Laptop",₹79990,4.2 out of 5 stars,https://m.media-amazon.com/images/I/71IjxF4prWL._AC_UY218_.jpg,Organic,https://www.amazon.in/Lenovo-Smartchoice-I7-13620H-Keyboard-83K100CJIN/dp/B0F2162VGQ/ref=sr_1_52?dib=eyJ2IjoiMSJ9.w8oFAEY_Lmg_lVNDo7Qo51IluS4lWafbRaBpn-RkJvqUn5CXWeiZdW9u-dJtilreu-Lmhn0YMnUBVKvJoG2-RDcdoMZcXnB0I6axKCUxXH9w1xnfhsa6vkoR7rDRo3VvhbGrKXorMHnF_oPAi04q7c-l2gMcoZUbyQQxOxER6iMm_kT2_FijFwmOZiI8BlIIgnIvV6PkuVvoVkw4nHVgHfQrYPPe7yXbD0s5bqg3b2s.dVG3py9TnhHzV7g7Jw04RpQ34FFI4QnaoQ1_3VZqu_A&dib_tag=se&keywords=laptops&qid=1780908153
"MSI Thin 15, Intel 13th Gen. i5-13420H, 40CM FHD 144Hz Gaming Laptop (16GB/512GB NVMe SSD/Windows 11 Home/NVIDIA GeForce RTX 3050, GDDR6 6GB/Cosmos Gray/1.8Kg) B13UDX-129IN",₹73900,4.3 out of 5 stars,https://m.media-amazon.com/images/I/51w9ar5n+UL._AC_UY218_.jpg,Organic,https://www.amazon.in/MSI-i5-13420H-Windows-GeForce-B13UDX-129IN/dp/B0G4SQRY6T/ref=sr_1_53?dib=eyJ2IjoiMSJ9.w8oFAEY_Lmg_lVNDo7Qo51IluS4lWafbRaBpn-RkJvqUn5CXWeiZdW9u-dJtilreu-Lmhn0YMnUBVKvJoG2-RDcdoMZcXnB0I6axKCUxXH9w1xnfhsa6vkoR7rDRo3VvhbGrKXorMHnF_oPAi04q7c-l2gMcoZUbyQQxOxER6iMm_kT2_FijFwmOZiI8BlIIgnIvV6PkuVvoVkw4nHVgHfQrYPPe7yXbD0s5bqg3b2s.dVG3py9TnhHzV7g7Jw04RpQ34FFI4QnaoQ1_3VZqu_A&dib_tag=se&keywords=laptops&qid=1780908153
"Lenovo Yoga Slim 7, Intel Core Ultra 5 125H, 16GB RAM, 512GB SSD, AI PC, WUXGA-OLED, 14""/35.5cm, Windows 11, Microsoft 365 Basic + Office 2024, Grey, 1.39Kg, 83CV00DFIN, AI Powered Laptop",₹82990,4.2 out of 5 stars,https://m.media-amazon.com/images/I/81PaO9Q1WFL._AC_UY218_.jpg,Organic,https://www.amazon.in/Lenovo-WUXGA-OLED-Windows-Microsoft-83CV00DFIN/dp/B0FNQYPBT9/ref=sr_1_54?dib=eyJ2IjoiMSJ9.w8oFAEY_Lmg_lVNDo7Qo51IluS4lWafbRaBpn-RkJvqUn5CXWeiZdW9u-dJtilreu-Lmhn0YMnUBVKvJoG2-RDcdoMZcXnB0I6axKCUxXH9w1xnfhsa6vkoR7rDRo3VvhbGrKXorMHnF_oPAi04q7c-l2gMcoZUbyQQxOxER6iMm_kT2_FijFwmOZiI8BlIIgnIvV6PkuVvoVkw4nHVgHfQrYPPe7yXbD0s5bqg3b2s.dVG3py9TnhHzV7g7Jw04RpQ34FFI4QnaoQ1_3VZqu_A&dib_tag=se&keywords=laptops&qid=1780908153
"ASUS Gaming V16 (2025), Intel Core 5 210H (14th Gen), RTX 3050-6GB, 16GB RAM, 512GB SSD, FHD+, 16"", 40 cm, Windows 11, M365 Basic(1yr)* Office24, Matte Black, 1.95 Kg, V3607VJ-RP134WS, Gaming Laptop",₹79999,4.5 out of 5 stars,https://m.media-amazon.com/images/I/71-7wPSmOJL._AC_UY218_.jpg,Organic,https://www.amazon.in/ASUS-3050-6GB-Windows-Office24-V3607VJ-RP134WS/dp/B0G5NLZD53/ref=sr_1_55?dib=eyJ2IjoiMSJ9.w8oFAEY_Lmg_lVNDo7Qo51IluS4lWafbRaBpn-RkJvqUn5CXWeiZdW9u-dJtilreu-Lmhn0YMnUBVKvJoG2-RDcdoMZcXnB0I6axKCUxXH9w1xnfhsa6vkoR7rDRo3VvhbGrKXorMHnF_oPAi04q7c-l2gMcoZUbyQQxOxER6iMm_kT2_FijFwmOZiI8BlIIgnIvV6PkuVvoVkw4nHVgHfQrYPPe7yXbD0s5bqg3b2s.dVG3py9TnhHzV7g7Jw04RpQ34FFI4QnaoQ1_3VZqu_A&dib_tag=se&keywords=laptops&qid=1780908153
"Lenovo V15 G4 AMD Athlon Silver 7120U Laptop 8GB LPDDR5 Ram, 512 GB SSD PCIe, Windows 11/MS Office,15.6"" FHD Screen, AMD Radeon 610M, Silver, 1 Year Brand Warranty",₹43999,3.9 out of 5 stars,https://m.media-amazon.com/images/I/51EuJs4AGpL._AC_UY218_.jpg,Organic,https://www.amazon.in/Lenovo-Athlon-Laptop-Windows-Warranty/dp/B0872G2MPV/ref=sr_1_56?dib=eyJ2IjoiMSJ9.w8oFAEY_Lmg_lVNDo7Qo51IluS4lWafbRaBpn-RkJvqUn5CXWeiZdW9u-dJtilreu-Lmhn0YMnUBVKvJoG2-RDcdoMZcXnB0I6axKCUxXH9w1xnfhsa6vkoR7rDRo3VvhbGrKXorMHnF_oPAi04q7c-l2gMcoZUbyQQxOxER6iMm_kT2_FijFwmOZiI8BlIIgnIvV6PkuVvoVkw4nHVgHfQrYPPe7yXbD0s5bqg3b2s.dVG3py9TnhHzV7g7Jw04RpQ34FFI4QnaoQ1_3VZqu_A&dib_tag=se&keywords=laptops&qid=1780908153
"HP 15, Intel Core i3-1315U-13th Gen Laptop (8GB DDR4 Ram,512GB SSD) Anti-Glare, Micro-Edge,15.6'"" FHD, Win11,M365 Basic(1yr),Office Home24, Silver,1.59kg, FHD Camera Shutter, 15-fd0569TU",₹49490,4.0 out of 5 stars,https://m.media-amazon.com/images/I/61vulbzLZcL._AC_UY218_.jpg,Organic,https://www.amazon.in/HP-i3-1315U-13th-Anti-Glare-Micro-Edge-fd0569TU/dp/B0FKN7Z65N/ref=sr_1_57?dib=eyJ2IjoiMSJ9.w8oFAEY_Lmg_lVNDo7Qo51IluS4lWafbRaBpn-RkJvqUn5CXWeiZdW9u-dJtilreu-Lmhn0YMnUBVKvJoG2-RDcdoMZcXnB0I6axKCUxXH9w1xnfhsa6vkoR7rDRo3VvhbGrKXorMHnF_oPAi04q7c-l2gMcoZUbyQQxOxER6iMm_kT2_FijFwmOZiI8BlIIgnIvV6PkuVvoVkw4nHVgHfQrYPPe7yXbD0s5bqg3b2s.dVG3py9TnhHzV7g7Jw04RpQ34FFI4QnaoQ1_3VZqu_A&dib_tag=se&keywords=laptops&qid=1780908153
"HP 255 G10 Laptop for Home or Work, 16GB RAM DDR5, 512GB SSD, 15.6"" Full HD, Ryzen 3 7335U (Beats Intel i5-1135G7), HDMI, USB-C",₹51850,4.3 out of 5 stars,https://m.media-amazon.com/images/I/71tvlUVzTwL._AC_UY218_.jpg,Organic,https://www.amazon.in/HP-255-Laptop-i5-1135G7-Windows/dp/B0DCSYTVDD/ref=sr_1_58?dib=eyJ2IjoiMSJ9.w8oFAEY_Lmg_lVNDo7Qo51IluS4lWafbRaBpn-RkJvqUn5CXWeiZdW9u-dJtilreu-Lmhn0YMnUBVKvJoG2-RDcdoMZcXnB0I6axKCUxXH9w1xnfhsa6vkoR7rDRo3VvhbGrKXorMHnF_oPAi04q7c-l2gMcoZUbyQQxOxER6iMm_kT2_FijFwmOZiI8BlIIgnIvV6PkuVvoVkw4nHVgHfQrYPPe7yXbD0s5bqg3b2s.dVG3py9TnhHzV7g7Jw04RpQ34FFI4QnaoQ1_3VZqu_A&dib_tag=se&keywords=laptops&qid=1780908153
"Lenovo V14 Intel Core i3 13th Gen 14"" FHD (1920x1080) Antiglare 250 Nits Thin and Light Laptop (16GB RAM/512GB SSD/Windows 11 Home/Office Home 2024/Iron Grey/1.43 kg), 83A0A0PCIN",₹56990,3.7 out of 5 stars,https://m.media-amazon.com/images/I/71odoZVRgaL._AC_UY218_.jpg,Ad,https://www.amazon.in/sspa/click?ie=UTF8&spc=MTo4NzQ4OTg5MzU5NTExNzk4OjE3ODA5MDgxNTQ6c3BfbXRmOjMwMDY5NjkxMDA2MTgzMjo6MDo6&url=%2FLenovo-1920x1080-Antiglare-Windows-83A0A0PCIN%2Fdp%2FB0FNQZ9HWX%2Fref%3Dsr_1_59_sspa%3Fdib%3DeyJ2IjoiMSJ9.w8oFAEY_Lmg_lVNDo7Qo51IluS4lWafbRaBpn-RkJvqUn5CXWeiZdW9u-dJtilreu-Lmhn0YMnUBVKvJoG2-RDcdoMZcXnB0I6axKCUxXH9w1xnfhsa6vkoR7rDRo3VvhbGrKXorMHnF_oPAi04q7c-l2gMcoZUbyQQxOxER6iMm_kT2_FijFwmOZiI8BlIIgnIvV6PkuVvoVkw4nHVgHfQrYPPe7yXbD0s5bqg3b2s.dVG3py9TnhHzV7g7Jw04RpQ34FFI4QnaoQ1_3VZqu_A%26dib_tag%3Dse%26keywords%3Dlaptops%26qid%3D1780908153%26aref%3DM0zFv9qL7N%26sp_csd%3Dd2lkZ2V0TmFtZT1zcF9tdGY%26psc%3D1&aref=M0zFv9qL7N&sp_cr=ZAZ
"Lenovo Yoga Slim 7, Intel Core Ultra 5 125H, 16GB RAM, 512GB SSD, AI PC, WUXGA-OLED, 14""/35.5cm, Windows 11, Microsoft 365 Basic + Office 2024, Grey, 1.39Kg, 83CV00DFIN, AI Powered Laptop",₹82990,4.2 out of 5 stars,https://m.media-amazon.com/images/I/81PaO9Q1WFL._AC_UY218_.jpg,Ad,https://www.amazon.in/sspa/click?ie=UTF8&spc=MTo4NzQ4OTg5MzU5NTExNzk4OjE3ODA5MDgxNTQ6c3BfbXRmOjMwMDk2MTU0OTkxNjIzMjo6MDo6&url=%2FLenovo-WUXGA-OLED-Windows-Microsoft-83CV00DFIN%2Fdp%2FB0FNQYPBT9%2Fref%3Dsr_1_60_sspa%3Fdib%3DeyJ2IjoiMSJ9.w8oFAEY_Lmg_lVNDo7Qo51IluS4lWafbRaBpn-RkJvqUn5CXWeiZdW9u-dJtilreu-Lmhn0YMnUBVKvJoG2-RDcdoMZcXnB0I6axKCUxXH9w1xnfhsa6vkoR7rDRo3VvhbGrKXorMHnF_oPAi04q7c-l2gMcoZUbyQQxOxER6iMm_kT2_FijFwmOZiI8BlIIgnIvV6PkuVvoVkw4nHVgHfQrYPPe7yXbD0s5bqg3b2s.dVG3py9TnhHzV7g7Jw04RpQ34FFI4QnaoQ1_3VZqu_A%26dib_tag%3Dse%26keywords%3Dlaptops%26qid%3D1780908153%26aref%3DV4ohzTZHDu%26sp_csd%3Dd2lkZ2V0TmFtZT1zcF9tdGY%26psc%3D1&aref=V4ohzTZHDu&sp_cr=ZAZ
"HP 15, Intel Core 5-120U (8GB DDR4, 512GB SSD) FHD, Anti-Glare, Micro-Edge, 15.6''/39.6cm, Win11, M365 Basic(1yr), Office Home24, Silver,1.59kg, fd0651TU, FHD Camera w/Privacy Shutter, Backlit Laptop",₹56789,4.5 out of 5 stars,https://m.media-amazon.com/images/I/71Pvu4wjdtL._AC_UY218_.jpg,Organic,https://www.amazon.in/HP-Anti-Glare-Micro-Edge-fd0651TU-Privacy/dp/B0GF8BZ3G2/ref=sr_1_61?dib=eyJ2IjoiMSJ9.w8oFAEY_Lmg_lVNDo7Qo51IluS4lWafbRaBpn-RkJvqUn5CXWeiZdW9u-dJtilreu-Lmhn0YMnUBVKvJoG2-RDcdoMZcXnB0I6axKCUxXH9w1xnfhsa6vkoR7rDRo3VvhbGrKXorMHnF_oPAi04q7c-l2gMcoZUbyQQxOxER6iMm_kT2_FijFwmOZiI8BlIIgnIvV6PkuVvoVkw4nHVgHfQrYPPe7yXbD0s5bqg3b2s.dVG3py9TnhHzV7g7Jw04RpQ34FFI4QnaoQ1_3VZqu_A&dib_tag=se&keywords=laptops&qid=1780908153
"HP 14, Intel Core 13th Generation Intel Core i7-1355U (16GB DDR4, 512GB SSD), Micro-Edge, Anti-Glare, FHD, 14''/35.6cm, Win11, M365* Office24, Silver, 1.4kg, EP0159TU, FHD Camera, Backlit Laptop",₹79990,5.0 out of 5 stars,https://m.media-amazon.com/images/I/614QC+tnRVL._AC_UY218_.jpg,Organic,https://www.amazon.in/HP-Generation-Micro-Edge-Anti-Glare-EP0159TU/dp/B0GVJYFTQX/ref=sr_1_62?dib=eyJ2IjoiMSJ9.w8oFAEY_Lmg_lVNDo7Qo51IluS4lWafbRaBpn-RkJvqUn5CXWeiZdW9u-dJtilreu-Lmhn0YMnUBVKvJoG2-RDcdoMZcXnB0I6axKCUxXH9w1xnfhsa6vkoR7rDRo3VvhbGrKXorMHnF_oPAi04q7c-l2gMcoZUbyQQxOxER6iMm_kT2_FijFwmOZiI8BlIIgnIvV6PkuVvoVkw4nHVgHfQrYPPe7yXbD0s5bqg3b2s.dVG3py9TnhHzV7g7Jw04RpQ34FFI4QnaoQ1_3VZqu_A&dib_tag=se&keywords=laptops&qid=1780908153
"Lenovo Legion Pro 7 2025 Intel Core Ultra 9 275HX | NVIDIA RTX 5090 24GB (64GB RAM/1TB SSD/WQXGA OLED/240Hz/16 (40.6cm)/Windows 11/Office 2024+AI Now/Black/2.5Kg), 83F500D8IN AI Powered Gaming Laptop",₹482490,5.0 out of 5 stars,https://m.media-amazon.com/images/I/81c6CME0d9L._AC_UY218_.jpg,Organic,https://www.amazon.in/Lenovo-Legion-Windows-83F500D8IN-Powered/dp/B0FDKQLVYK/ref=sr_1_63?dib=eyJ2IjoiMSJ9.w8oFAEY_Lmg_lVNDo7Qo51IluS4lWafbRaBpn-RkJvqUn5CXWeiZdW9u-dJtilreu-Lmhn0YMnUBVKvJoG2-RDcdoMZcXnB0I6axKCUxXH9w1xnfhsa6vkoR7rDRo3VvhbGrKXorMHnF_oPAi04q7c-l2gMcoZUbyQQxOxER6iMm_kT2_FijFwmOZiI8BlIIgnIvV6PkuVvoVkw4nHVgHfQrYPPe7yXbD0s5bqg3b2s.dVG3py9TnhHzV7g7Jw04RpQ34FFI4QnaoQ1_3VZqu_A&dib_tag=se&keywords=laptops&qid=1780908153
"HP Omen, Intel Core Ultra 7 255H, 8GB RTX 5060 (24GB DDR5, 1TB SSD) 165Hz, 2k WUXGA, 3ms, 400 nits, 16''/40.6cm, Win11, M365* Office24, Black, 2.42kg, an0015TX, RGB, Gaming Laptop",₹159990,4.5 out of 5 stars,https://m.media-amazon.com/images/I/71tjv6DBEtL._AC_UY218_.jpg,Organic,https://www.amazon.in/HP-40-6cm-Office24-2-42kg-an0015TX/dp/B0FM3S8R19/ref=sr_1_64?dib=eyJ2IjoiMSJ9.w8oFAEY_Lmg_lVNDo7Qo51IluS4lWafbRaBpn-RkJvqUn5CXWeiZdW9u-dJtilreu-Lmhn0YMnUBVKvJoG2-RDcdoMZcXnB0I6axKCUxXH9w1xnfhsa6vkoR7rDRo3VvhbGrKXorMHnF_oPAi04q7c-l2gMcoZUbyQQxOxER6iMm_kT2_FijFwmOZiI8BlIIgnIvV6PkuVvoVkw4nHVgHfQrYPPe7yXbD0s5bqg3b2s.dVG3py9TnhHzV7g7Jw04RpQ34FFI4QnaoQ1_3VZqu_A&dib_tag=se&keywords=laptops&qid=1780908153
"acer Aspire 3, Intel Pentium N6000, 12GB LPDDR4X RAM, 512GB SSD, HD, 15.6""/39.62cm, Windows 11 Home, Pure Silver, 1.5KG, A325-45, Thin and Light Laptop",₹39990,2.7 out of 5 stars,https://m.media-amazon.com/images/I/61CISrp2PzL._AC_UY218_.jpg,Organic,https://www.amazon.in/Pentium-LPDDR4X-39-62cm-Windows-A325-45/dp/B0GLXWY8ZX/ref=sr_1_65?dib=eyJ2IjoiMSJ9.w8oFAEY_Lmg_lVNDo7Qo51IluS4lWafbRaBpn-RkJvqUn5CXWeiZdW9u-dJtilreu-Lmhn0YMnUBVKvJoG2-RDcdoMZcXnB0I6axKCUxXH9w1xnfhsa6vkoR7rDRo3VvhbGrKXorMHnF_oPAi04q7c-l2gMcoZUbyQQxOxER6iMm_kT2_FijFwmOZiI8BlIIgnIvV6PkuVvoVkw4nHVgHfQrYPPe7yXbD0s5bqg3b2s.dVG3py9TnhHzV7g7Jw04RpQ34FFI4QnaoQ1_3VZqu_A&dib_tag=se&keywords=laptops&qid=1780908153
"ASUS TUF F16, 14th Gen,Intel Core i7 14650HX,RTX 5060-8GB,16GB,1TB,FHD+,16"",165Hz,90WHrs,Windows 11,M365 Basic (1Year)*,Office 2024,Jaeger Gray,2.2 Kg, FX608JMR-RV049WS, Gaming Laptop",₹149990,4.4 out of 5 stars,https://m.media-amazon.com/images/I/71O0M22NGRL._AC_UY218_.jpg,Organic,https://www.amazon.in/ASUS-Smartchoice-14650HX-5060-8GB-FX608JMR-RV049WS/dp/B0F9X5DSBS/ref=sr_1_66?dib=eyJ2IjoiMSJ9.w8oFAEY_Lmg_lVNDo7Qo51IluS4lWafbRaBpn-RkJvqUn5CXWeiZdW9u-dJtilreu-Lmhn0YMnUBVKvJoG2-RDcdoMZcXnB0I6axKCUxXH9w1xnfhsa6vkoR7rDRo3VvhbGrKXorMHnF_oPAi04q7c-l2gMcoZUbyQQxOxER6iMm_kT2_FijFwmOZiI8BlIIgnIvV6PkuVvoVkw4nHVgHfQrYPPe7yXbD0s5bqg3b2s.dVG3py9TnhHzV7g7Jw04RpQ34FFI4QnaoQ1_3VZqu_A&dib_tag=se&keywords=laptops&qid=1780908153
"HP 255 G10 Laptop for Home or Work, 16GB RAM DDR5, 512GB SSD, 15.6"" Full HD, Ryzen 3 7335U (Beats Intel i5-1135G7), HDMI, USB-C, Windows 11",₹51500,3.7 out of 5 stars,https://m.media-amazon.com/images/I/71rDlgf2Q6L._AC_UY218_.jpg,Organic,https://www.amazon.in/HP-255-Laptop-i5-1135G7-Windows/dp/B0FDBLR2HT/ref=sr_1_67?dib=eyJ2IjoiMSJ9.w8oFAEY_Lmg_lVNDo7Qo51IluS4lWafbRaBpn-RkJvqUn5CXWeiZdW9u-dJtilreu-Lmhn0YMnUBVKvJoG2-RDcdoMZcXnB0I6axKCUxXH9w1xnfhsa6vkoR7rDRo3VvhbGrKXorMHnF_oPAi04q7c-l2gMcoZUbyQQxOxER6iMm_kT2_FijFwmOZiI8BlIIgnIvV6PkuVvoVkw4nHVgHfQrYPPe7yXbD0s5bqg3b2s.dVG3py9TnhHzV7g7Jw04RpQ34FFI4QnaoQ1_3VZqu_A&dib_tag=se&keywords=laptops&qid=1780908153
"Lenovo IdeaPad Slim 3 13th Gen Intel Core i3-1315U 15.6 inch (39.6cm) FHD Laptop (8GB RAM/512GB SSD/Windows 11/Office 2024/Backlit Keyboard/1Yr ADP Free/3 Month Game Pass/Grey/1.6Kg), 82X700FXIN",₹49600,3.1 out of 5 stars,https://m.media-amazon.com/images/I/81Be1f26lVL._AC_UY218_.jpg,Organic,https://www.amazon.in/Lenovo-IdeaPad-i3-1315U-Keyboard-82X700FXIN/dp/B0F8QB4SBH/ref=sr_1_68?dib=eyJ2IjoiMSJ9.w8oFAEY_Lmg_lVNDo7Qo51IluS4lWafbRaBpn-RkJvqUn5CXWeiZdW9u-dJtilreu-Lmhn0YMnUBVKvJoG2-RDcdoMZcXnB0I6axKCUxXH9w1xnfhsa6vkoR7rDRo3VvhbGrKXorMHnF_oPAi04q7c-l2gMcoZUbyQQxOxER6iMm_kT2_FijFwmOZiI8BlIIgnIvV6PkuVvoVkw4nHVgHfQrYPPe7yXbD0s5bqg3b2s.dVG3py9TnhHzV7g7Jw04RpQ34FFI4QnaoQ1_3VZqu_A&dib_tag=se&keywords=laptops&qid=1780908153
"HP 15, AMD Ryzen 5 7520U (16GB DDR4, 512GB SSD) FHD, Anti-Glare, Micro-Edge, 15.6''/39.6cm, Win11, M365 Basic(1yr), Offic24, Silver,1.59kg, fc0806AU, FHD Camera w/Privacy Shutter, Backlit Laptop",₹63990,N/A,https://m.media-amazon.com/images/I/71FVyverqHL._AC_UY218_.jpg,Ad,https://www.amazon.in/sspa/click?ie=UTF8&spc=MTo4NzQ4OTg5MzU5NTExNzk4OjE3ODA5MDgxNTQ6c3BfYnRmOjMwMTA3MDIzMzE3OTkzMjo6MDo6&url=%2FHP-Anti-Glare-Micro-Edge-Offic24-fc0806AU%2Fdp%2FB0GTVDH4G2%2Fref%3Dsr_1_69_sspa%3Fdib%3DeyJ2IjoiMSJ9.w8oFAEY_Lmg_lVNDo7Qo51IluS4lWafbRaBpn-RkJvqUn5CXWeiZdW9u-dJtilreu-Lmhn0YMnUBVKvJoG2-RDcdoMZcXnB0I6axKCUxXH9w1xnfhsa6vkoR7rDRo3VvhbGrKXorMHnF_oPAi04q7c-l2gMcoZUbyQQxOxER6iMm_kT2_FijFwmOZiI8BlIIgnIvV6PkuVvoVkw4nHVgHfQrYPPe7yXbD0s5bqg3b2s.dVG3py9TnhHzV7g7Jw04RpQ34FFI4QnaoQ1_3VZqu_A%26dib_tag%3Dse%26keywords%3Dlaptops%26qid%3D1780908153%26aref%3D3DYrBYXBVr%26sp_csd%3Dd2lkZ2V0TmFtZT1zcF9idGY%26psc%3D1&aref=3DYrBYXBVr&sp_cr=ZAZ
"HP Smartchoice OmniBook 5 OLED (Previously Pavilion), Snapdragon X Processor (16GB LPDDR5x, 512GB SSD) 2K, 14''/35.6cm, Win11, M365(1yr)* Office24, Silver, 1.35kg, he0014QU, Next-Gen AI Laptop",₹79990,4.2 out of 5 stars,https://m.media-amazon.com/images/I/71ZlIDunitL._AC_UY218_.jpg,Ad,https://www.amazon.in/sspa/click?ie=UTF8&spc=MTo4NzQ4OTg5MzU5NTExNzk4OjE3ODA5MDgxNTQ6c3BfYnRmOjMwMTA3NzY5NjM1NTUzMjo6MDo6&url=%2FHP-Previously-Snapdragon-Processor-Light-Weight%2Fdp%2FB0F8P4Y7VF%2Fref%3Dsr_1_70_sspa%3Fdib%3DeyJ2IjoiMSJ9.w8oFAEY_Lmg_lVNDo7Qo51IluS4lWafbRaBpn-RkJvqUn5CXWeiZdW9u-dJtilreu-Lmhn0YMnUBVKvJoG2-RDcdoMZcXnB0I6axKCUxXH9w1xnfhsa6vkoR7rDRo3VvhbGrKXorMHnF_oPAi04q7c-l2gMcoZUbyQQxOxER6iMm_kT2_FijFwmOZiI8BlIIgnIvV6PkuVvoVkw4nHVgHfQrYPPe7yXbD0s5bqg3b2s.dVG3py9TnhHzV7g7Jw04RpQ34FFI4QnaoQ1_3VZqu_A%26dib_tag%3Dse%26keywords%3Dlaptops%26qid%3D1780908153%26aref%3D5PpUNM42iT%26sp_csd%3Dd2lkZ2V0TmFtZT1zcF9idGY%26psc%3D1&aref=5PpUNM42iT&sp_cr=ZAZ
"Lenovo IdeaPad Slim 3 13th Gen Core i5-13420H 15.3 inch (38.8cm) WUXGA IPS Laptop (16GB RAM/512GB SSD/Windows 11/Office Home 2024/Top Metal Cover/Backlit Keyboard/1Yr ADP/Grey/1.6Kg), 83K100S3IN",₹65500,2.3 out of 5 stars,https://m.media-amazon.com/images/I/71D9HSayVSL._AC_UY218_.jpg,Ad,https://www.amazon.in/sspa/click?ie=UTF8&spc=MTo1NjY5NzIxMzMxNDM1MzY4OjE3ODA5MDgxNjA6c3BfYXRmX25leHQ6MzAwOTYxNTQ5OTE2MTMyOjowOjo&url=%2FLenovo-IdeaPad-i5-13420H-Keyboard-83K100S3IN%2Fdp%2FB0GDQFZBQC%2Fref%3Dsr_1_65_sspa%3Fdib%3DeyJ2IjoiMSJ9.GVyURC_z9-GIX0bRn__fWBR0l5DyNO3FfsPa3tkVQ_9XmaVMI1IkP3L8Ax83Byebr5JsobWxQvn4kLn9eEr8mAcdioGPdZVGc2TnAK_D2JeGBuMSxK2qLKwRQ4K1smO3WRiW7yXO0_xOAvLodXozp4GrbFRZ79aHCtTBBTFlEy2HNzTWnkW_bZgLPxWfTCFcgNRJXumE9vHEXpaOjIAUPfOp2y8847QE2WlAOPRPAt4._IxafIAjFicpDheD5_1HWWWLoTCos6z9OkRfTa_qAUI%26dib_tag%3Dse%26keywords%3Dlaptops%26qid%3D1780908160%26aref%3D3BmXYKHCxf%26sp_csd%3Dd2lkZ2V0TmFtZT1zcF9hdGZfbmV4dA%26psc%3D1&aref=3BmXYKHCxf&sp_cr=ZAZ
"HP Smartchoice OmniBook 5 OLED (Previously Pavilion), Snapdragon X Processor (16GB LPDDR5x, 512GB SSD) 2K, 14''/35.6cm, Win11, M365(1yr)* Office24, Silver, 1.35kg, he0014QU, Next-Gen AI Laptop",₹79990,4.2 out of 5 stars,https://m.media-amazon.com/images/I/71ZlIDunitL._AC_UY218_.jpg,Ad,https://www.amazon.in/sspa/click?ie=UTF8&spc=MTo1NjY5NzIxMzMxNDM1MzY4OjE3ODA5MDgxNjA6c3BfYXRmX25leHQ6MzAxMDc3Njk2MzU1NTMyOjowOjo&url=%2FHP-Previously-Snapdragon-Processor-Light-Weight%2Fdp%2FB0F8P4Y7VF%2Fref%3Dsr_1_66_sspa%3Fdib%3DeyJ2IjoiMSJ9.GVyURC_z9-GIX0bRn__fWBR0l5DyNO3FfsPa3tkVQ_9XmaVMI1IkP3L8Ax83Byebr5JsobWxQvn4kLn9eEr8mAcdioGPdZVGc2TnAK_D2JeGBuMSxK2qLKwRQ4K1smO3WRiW7yXO0_xOAvLodXozp4GrbFRZ79aHCtTBBTFlEy2HNzTWnkW_bZgLPxWfTCFcgNRJXumE9vHEXpaOjIAUPfOp2y8847QE2WlAOPRPAt4._IxafIAjFicpDheD5_1HWWWLoTCos6z9OkRfTa_qAUI%26dib_tag%3Dse%26keywords%3Dlaptops%26qid%3D1780908160%26aref%3D5PpUNM42iT%26sp_csd%3Dd2lkZ2V0TmFtZT1zcF9hdGZfbmV4dA%26psc%3D1&aref=5PpUNM42iT&sp_cr=ZAZ
"ASUS ROG Flow Z13 (2025), AMD Ryzen AI MAX+ 395,AMD Radeon iGPU, 64GB/1TB, 2.5K QHD,Touchscreen, 13.4"", 34 cm,Windows 11, M365 Basic(1yr)* Office24, Off Black, 1.59 Kg, GZ302EA-RU193WS, Gaming Laptop",₹299990,3.8 out of 5 stars,https://m.media-amazon.com/images/I/615VSi-JX7L._AC_UY218_.jpg,Organic,https://www.amazon.in/ASUS-Touchscreen-Windows-Office24-GZ302EA-RU193WS/dp/B0FZL85RV6/ref=sr_1_67?dib=eyJ2IjoiMSJ9.GVyURC_z9-GIX0bRn__fWBR0l5DyNO3FfsPa3tkVQ_9XmaVMI1IkP3L8Ax83Byebr5JsobWxQvn4kLn9eEr8mAcdioGPdZVGc2TnAK_D2JeGBuMSxK2qLKwRQ4K1smO3WRiW7yXO0_xOAvLodXozp4GrbFRZ79aHCtTBBTFlEy2HNzTWnkW_bZgLPxWfTCFcgNRJXumE9vHEXpaOjIAUPfOp2y8847QE2WlAOPRPAt4._IxafIAjFicpDheD5_1HWWWLoTCos6z9OkRfTa_qAUI&dib_tag=se&keywords=laptops&qid=1780908160
"Lenovo Yoga Slim 7 Intel Core Ultra 7 155H 14""(35.5cm) WUXGA-OLED 400Nits Laptop (32GB RAM/1TB SSD/AI PC/2Wx4 Speakers/Windows 11/Office Home 2024/1Yr ADP Free/Grey/1.39Kg), 83CV00D3IN",₹129990,4.8 out of 5 stars,https://m.media-amazon.com/images/I/81xbSMHZ0UL._AC_UY218_.jpg,Organic,https://www.amazon.in/Lenovo-WUXGA-OLED-400Nits-Speakers-83CV00D3IN/dp/B0FK59XW2C/ref=sr_1_68?dib=eyJ2IjoiMSJ9.GVyURC_z9-GIX0bRn__fWBR0l5DyNO3FfsPa3tkVQ_9XmaVMI1IkP3L8Ax83Byebr5JsobWxQvn4kLn9eEr8mAcdioGPdZVGc2TnAK_D2JeGBuMSxK2qLKwRQ4K1smO3WRiW7yXO0_xOAvLodXozp4GrbFRZ79aHCtTBBTFlEy2HNzTWnkW_bZgLPxWfTCFcgNRJXumE9vHEXpaOjIAUPfOp2y8847QE2WlAOPRPAt4._IxafIAjFicpDheD5_1HWWWLoTCos6z9OkRfTa_qAUI&dib_tag=se&keywords=laptops&qid=1780908160
"HP Professional 15 (2026), Intel (i3 14th Gen) Core 3 100U - (16 GB/512 GB SSD/Intel UHD Graphics/Windows 11 Home) Thin & Light Business Laptop/15.6"" Display/Turbo Silver/Copilot Key/1.5kg/MS Office",₹53990,N/A,https://m.media-amazon.com/images/I/619floeDsCL._AC_UY218_.jpg,Organic,https://www.amazon.in/HP-Professional-15-Intel-14th/dp/B0GHSN1N24/ref=sr_1_69?dib=eyJ2IjoiMSJ9.GVyURC_z9-GIX0bRn__fWBR0l5DyNO3FfsPa3tkVQ_9XmaVMI1IkP3L8Ax83Byebr5JsobWxQvn4kLn9eEr8mAcdioGPdZVGc2TnAK_D2JeGBuMSxK2qLKwRQ4K1smO3WRiW7yXO0_xOAvLodXozp4GrbFRZ79aHCtTBBTFlEy2HNzTWnkW_bZgLPxWfTCFcgNRJXumE9vHEXpaOjIAUPfOp2y8847QE2WlAOPRPAt4._IxafIAjFicpDheD5_1HWWWLoTCos6z9OkRfTa_qAUI&dib_tag=se&keywords=laptops&qid=1780908160
"MSI Thin 15, Intel 13th Gen. i5-13420H, 40CM FHD 144Hz Gaming Laptop (16GB/512GB NVMe SSD/Windows 11 Home/NVIDIA GeForce RTX 3050, GDDR6 6GB/Cosmos Gray/1.8Kg) B13UDX-129IN",₹73900,4.3 out of 5 stars,https://m.media-amazon.com/images/I/51w9ar5n+UL._AC_UY218_.jpg,Organic,https://www.amazon.in/MSI-i5-13420H-Windows-GeForce-B13UDX-129IN/dp/B0G4SQRY6T/ref=sr_1_70?dib=eyJ2IjoiMSJ9.GVyURC_z9-GIX0bRn__fWBR0l5DyNO3FfsPa3tkVQ_9XmaVMI1IkP3L8Ax83Byebr5JsobWxQvn4kLn9eEr8mAcdioGPdZVGc2TnAK_D2JeGBuMSxK2qLKwRQ4K1smO3WRiW7yXO0_xOAvLodXozp4GrbFRZ79aHCtTBBTFlEy2HNzTWnkW_bZgLPxWfTCFcgNRJXumE9vHEXpaOjIAUPfOp2y8847QE2WlAOPRPAt4._IxafIAjFicpDheD5_1HWWWLoTCos6z9OkRfTa_qAUI&dib_tag=se&keywords=laptops&qid=1780908160
"HP Omen, Intel Core Ultra 7 255H, 8GB RTX 5050, 24GB DDR5(Upgradeable) 1TB SSD, 2K, 165Hz, 3ms Response time, IPS, 16''/40.6cm, Win11, M365*Office24, Shadow Black, 2.43kg, am0240tx, RGB Gaming Laptop",₹139990,3.9 out of 5 stars,https://m.media-amazon.com/images/I/71hYhVo8BgL._AC_UY218_.jpg,Organic,https://www.amazon.in/HP-Upgradeable-Response-Office24-am0240tx/dp/B0G3VCGXH6/ref=sr_1_71?dib=eyJ2IjoiMSJ9.GVyURC_z9-GIX0bRn__fWBR0l5DyNO3FfsPa3tkVQ_9XmaVMI1IkP3L8Ax83Byebr5JsobWxQvn4kLn9eEr8mAcdioGPdZVGc2TnAK_D2JeGBuMSxK2qLKwRQ4K1smO3WRiW7yXO0_xOAvLodXozp4GrbFRZ79aHCtTBBTFlEy2HNzTWnkW_bZgLPxWfTCFcgNRJXumE9vHEXpaOjIAUPfOp2y8847QE2WlAOPRPAt4._IxafIAjFicpDheD5_1HWWWLoTCos6z9OkRfTa_qAUI&dib_tag=se&keywords=laptops&qid=1780908160
"Lenovo V15 G4 AMD Athlon Silver 7120U Laptop 8GB LPDDR5 Ram, 512 GB SSD PCIe, Windows 11/MS Office,15.6"" FHD Screen, AMD Radeon 610M, Silver, 1 Year Brand Warranty",₹43999,3.9 out of 5 stars,https://m.media-amazon.com/images/I/51EuJs4AGpL._AC_UY218_.jpg,Organic,https://www.amazon.in/Lenovo-Athlon-Laptop-Windows-Warranty/dp/B0872G2MPV/ref=sr_1_72?dib=eyJ2IjoiMSJ9.GVyURC_z9-GIX0bRn__fWBR0l5DyNO3FfsPa3tkVQ_9XmaVMI1IkP3L8Ax83Byebr5JsobWxQvn4kLn9eEr8mAcdioGPdZVGc2TnAK_D2JeGBuMSxK2qLKwRQ4K1smO3WRiW7yXO0_xOAvLodXozp4GrbFRZ79aHCtTBBTFlEy2HNzTWnkW_bZgLPxWfTCFcgNRJXumE9vHEXpaOjIAUPfOp2y8847QE2WlAOPRPAt4._IxafIAjFicpDheD5_1HWWWLoTCos6z9OkRfTa_qAUI&dib_tag=se&keywords=laptops&qid=1780908160
"Lenovo IdeaPad Slim 3, 13th Gen Intel Core i5 13420H, 24GB RAM, 1TB SSD, WUXGA IPS, 15.3""/38.8cm, Windows 11, Office Home 2024, Grey, 1.6Kg, Backlit Keyboard, 1Yr ADP Free, 83K100PLIN, Laptop",₹78990,4.2 out of 5 stars,https://m.media-amazon.com/images/I/71D9HSayVSL._AC_UY218_.jpg,Organic,https://www.amazon.in/Lenovo-IdeaPad-i5-13420H-Keyboard-83K100PLIN/dp/B0FCY7BTCX/ref=sr_1_73?dib=eyJ2IjoiMSJ9.GVyURC_z9-GIX0bRn__fWBR0l5DyNO3FfsPa3tkVQ_9XmaVMI1IkP3L8Ax83Byebr5JsobWxQvn4kLn9eEr8mAcdioGPdZVGc2TnAK_D2JeGBuMSxK2qLKwRQ4K1smO3WRiW7yXO0_xOAvLodXozp4GrbFRZ79aHCtTBBTFlEy2HNzTWnkW_bZgLPxWfTCFcgNRJXumE9vHEXpaOjIAUPfOp2y8847QE2WlAOPRPAt4._IxafIAjFicpDheD5_1HWWWLoTCos6z9OkRfTa_qAUI&dib_tag=se&keywords=laptops&qid=1780908160
"ASUS ROG Strix SCAR 18,Intel Core Ultra 9 275HX Gaming Laptop(NVIDIA RTX 5090-24GB/175W TGP/64GB/2TB/2.5K QHD+/18""/240Hz/Windows 11/M365 Basic(1Year)*/Office Home 2024/Off Black/3.30 Kg)G835LX-SA187WS",₹499990,N/A,https://m.media-amazon.com/images/I/61Rq2G4xnwL._AC_UY218_.jpg,Organic,https://www.amazon.in/ASUS-Gaming-5090-24GB-Windows-G835LX-SA187WS/dp/B0GVNKDV6R/ref=sr_1_74?dib=eyJ2IjoiMSJ9.GVyURC_z9-GIX0bRn__fWBR0l5DyNO3FfsPa3tkVQ_9XmaVMI1IkP3L8Ax83Byebr5JsobWxQvn4kLn9eEr8mAcdioGPdZVGc2TnAK_D2JeGBuMSxK2qLKwRQ4K1smO3WRiW7yXO0_xOAvLodXozp4GrbFRZ79aHCtTBBTFlEy2HNzTWnkW_bZgLPxWfTCFcgNRJXumE9vHEXpaOjIAUPfOp2y8847QE2WlAOPRPAt4._IxafIAjFicpDheD5_1HWWWLoTCos6z9OkRfTa_qAUI&dib_tag=se&keywords=laptops&qid=1780908160
"HP OmniBook AMD Ryzen 5 New AI 330 Processor (24GB DDR5 Ram, 1TB SSD), Anti-Glare,15.6''/39.6cm FHD, Win11,Office24, Silver,1.7kg, FHD Camera with Shutter, Fingerprint Reador, Backlit KB fn0074AU",₹68990,4.9 out of 5 stars,https://m.media-amazon.com/images/I/71ic0yMZhTL._AC_UY218_.jpg,Ad,https://www.amazon.in/sspa/click?ie=UTF8&spc=MTo1NjY5NzIxMzMxNDM1MzY4OjE3ODA5MDgxNjA6c3BfbXRmOjMwMTA5Nzg2ODc2OTAzMjo6MDo6&url=%2FHP-OmniBook-Processor-Anti-Glare-Fingerprint%2Fdp%2FB0GLGP1TNT%2Fref%3Dsr_1_75_sspa%3Fdib%3DeyJ2IjoiMSJ9.GVyURC_z9-GIX0bRn__fWBR0l5DyNO3FfsPa3tkVQ_9XmaVMI1IkP3L8Ax83Byebr5JsobWxQvn4kLn9eEr8mAcdioGPdZVGc2TnAK_D2JeGBuMSxK2qLKwRQ4K1smO3WRiW7yXO0_xOAvLodXozp4GrbFRZ79aHCtTBBTFlEy2HNzTWnkW_bZgLPxWfTCFcgNRJXumE9vHEXpaOjIAUPfOp2y8847QE2WlAOPRPAt4._IxafIAjFicpDheD5_1HWWWLoTCos6z9OkRfTa_qAUI%26dib_tag%3Dse%26keywords%3Dlaptops%26qid%3D1780908160%26aref%3D7LGJP9tFwV%26sp_csd%3Dd2lkZ2V0TmFtZT1zcF9tdGY%26psc%3D1&aref=7LGJP9tFwV&sp_cr=ZAZ
"Lenovo V14 Intel Core i3 13th Gen 14"" FHD (1920x1080) Antiglare 250 Nits Thin and Light Laptop (16GB RAM/512GB SSD/Windows 11 Home/Office Home 2024/Iron Grey/1.43 kg), 83A0A0PCIN",₹56990,3.7 out of 5 stars,https://m.media-amazon.com/images/I/71odoZVRgaL._AC_UY218_.jpg,Ad,https://www.amazon.in/sspa/click?ie=UTF8&spc=MTo1NjY5NzIxMzMxNDM1MzY4OjE3ODA5MDgxNjA6c3BfbXRmOjMwMDY5NjkxMDA2MTgzMjo6MDo6&url=%2FLenovo-1920x1080-Antiglare-Windows-83A0A0PCIN%2Fdp%2FB0FNQZ9HWX%2Fref%3Dsr_1_76_sspa%3Fdib%3DeyJ2IjoiMSJ9.GVyURC_z9-GIX0bRn__fWBR0l5DyNO3FfsPa3tkVQ_9XmaVMI1IkP3L8Ax83Byebr5JsobWxQvn4kLn9eEr8mAcdioGPdZVGc2TnAK_D2JeGBuMSxK2qLKwRQ4K1smO3WRiW7yXO0_xOAvLodXozp4GrbFRZ79aHCtTBBTFlEy2HNzTWnkW_bZgLPxWfTCFcgNRJXumE9vHEXpaOjIAUPfOp2y8847QE2WlAOPRPAt4._IxafIAjFicpDheD5_1HWWWLoTCos6z9OkRfTa_qAUI%26dib_tag%3Dse%26keywords%3Dlaptops%26qid%3D1780908160%26aref%3DM0zFv9qL7N%26sp_csd%3Dd2lkZ2V0TmFtZT1zcF9tdGY%26psc%3D1&aref=M0zFv9qL7N&sp_cr=ZAZ
"Alienware 16X Aurora Gaming Laptop, AI Enabled Intel Core Ultra9 HX Processor, 32GB DDR5, 1TB SSD, NVIDIA GeForce RTX 5070, 8GB GDDR7, 16"" QHD+ 240Hz Display, Backlit KB, Interstellar Indigo, 2.66kg",₹319990,N/A,https://m.media-amazon.com/images/I/71dwZTo0yUL._AC_UY218_.jpg,Organic,https://www.amazon.in/Alienware-Enabled-Processor-GeForce-Interstellar/dp/B0777X2ZTB/ref=sr_1_77?dib=eyJ2IjoiMSJ9.GVyURC_z9-GIX0bRn__fWBR0l5DyNO3FfsPa3tkVQ_9XmaVMI1IkP3L8Ax83Byebr5JsobWxQvn4kLn9eEr8mAcdioGPdZVGc2TnAK_D2JeGBuMSxK2qLKwRQ4K1smO3WRiW7yXO0_xOAvLodXozp4GrbFRZ79aHCtTBBTFlEy2HNzTWnkW_bZgLPxWfTCFcgNRJXumE9vHEXpaOjIAUPfOp2y8847QE2WlAOPRPAt4._IxafIAjFicpDheD5_1HWWWLoTCos6z9OkRfTa_qAUI&dib_tag=se&keywords=laptops&qid=1780908160
"ASUS TUF A15, AMD Ryzen 7 7445HS, Gaming Laptop(RTX 3050-4GB/75W TGP/16GB RAM/512GB SSD/FHD/15.6""/144Hz/Backlit Keyboard/48Whrs/Win11/MS Office24/Graphite Black/2.3 Kg) FA506NCG-HN200WS",₹72990,4.2 out of 5 stars,https://m.media-amazon.com/images/I/71NNmJ0SE8L._AC_UY218_.jpg,Organic,https://www.amazon.in/ASUS-3050-4GB-Keyboard-Office24-FA506NCG-HN200WS/dp/B0FQ335QW6/ref=sr_1_78?dib=eyJ2IjoiMSJ9.GVyURC_z9-GIX0bRn__fWBR0l5DyNO3FfsPa3tkVQ_9XmaVMI1IkP3L8Ax83Byebr5JsobWxQvn4kLn9eEr8mAcdioGPdZVGc2TnAK_D2JeGBuMSxK2qLKwRQ4K1smO3WRiW7yXO0_xOAvLodXozp4GrbFRZ79aHCtTBBTFlEy2HNzTWnkW_bZgLPxWfTCFcgNRJXumE9vHEXpaOjIAUPfOp2y8847QE2WlAOPRPAt4._IxafIAjFicpDheD5_1HWWWLoTCos6z9OkRfTa_qAUI&dib_tag=se&keywords=laptops&qid=1780908160
"Acer Aspire Lite (2026) AMD Ryzen 3 Quad Core 5300U - (8 GB/512 GB SSD/AMD Radeon Graphics/Windows 11 Home) AL15-41 Thin and Light Laptop (15.6 Inch FHD IPS, Steel Grey, 1.5 Kg/MS Office 2024",₹43550,5.0 out of 5 stars,https://m.media-amazon.com/images/I/71iUXY2S9jL._AC_UY218_.jpg,Organic,https://www.amazon.in/Acer-Aspire-Lite-Ryzen-5300U/dp/B0FV95SXBX/ref=sr_1_79?dib=eyJ2IjoiMSJ9.GVyURC_z9-GIX0bRn__fWBR0l5DyNO3FfsPa3tkVQ_9XmaVMI1IkP3L8Ax83Byebr5JsobWxQvn4kLn9eEr8mAcdioGPdZVGc2TnAK_D2JeGBuMSxK2qLKwRQ4K1smO3WRiW7yXO0_xOAvLodXozp4GrbFRZ79aHCtTBBTFlEy2HNzTWnkW_bZgLPxWfTCFcgNRJXumE9vHEXpaOjIAUPfOp2y8847QE2WlAOPRPAt4._IxafIAjFicpDheD5_1HWWWLoTCos6z9OkRfTa_qAUI&dib_tag=se&keywords=laptops&qid=1780908160
"HP Omnibook 3, Snapdragon X Processor, 45 TOPS (16GB LPDDR5x, 512GB SSD) 2K, WUXGA, IPS, 14''/35.6cm, Win 11, Office 24, Silver, 1.4kg, hz0026QU, FHD IR Camera, 42% Lighter mini GaN Charger, AI Laptop",₹73990,3.0 out of 5 stars,https://m.media-amazon.com/images/I/61JQ+09KcyL._AC_UY218_.jpg,Organic,https://www.amazon.in/HP-Omnibook-Snapdragon-Processor-hz0026QU/dp/B0GY8KNSFC/ref=sr_1_80?dib=eyJ2IjoiMSJ9.GVyURC_z9-GIX0bRn__fWBR0l5DyNO3FfsPa3tkVQ_9XmaVMI1IkP3L8Ax83Byebr5JsobWxQvn4kLn9eEr8mAcdioGPdZVGc2TnAK_D2JeGBuMSxK2qLKwRQ4K1smO3WRiW7yXO0_xOAvLodXozp4GrbFRZ79aHCtTBBTFlEy2HNzTWnkW_bZgLPxWfTCFcgNRJXumE9vHEXpaOjIAUPfOp2y8847QE2WlAOPRPAt4._IxafIAjFicpDheD5_1HWWWLoTCos6z9OkRfTa_qAUI&dib_tag=se&keywords=laptops&qid=1780908160
"HP 15, 13th Gen Intel Core i5-13420H, (16GB DDR4, 512GB SSD), FHD, Anti-Glare, Micro-Edge, 15.6''/39.6cm, Win11, M365 Basic(1yr)* Office24, Silver, 1.65kg, FR0045TU, Camera w/Shutter, Backlit Laptop",₹65500,2.9 out of 5 stars,https://m.media-amazon.com/images/I/61q2tICF3WL._AC_UY218_.jpg,Organic,https://www.amazon.in/HP-i5-13420H-Anti-Glare-Micro-Edge-Office24/dp/B0GD81XSSP/ref=sr_1_81?dib=eyJ2IjoiMSJ9.GVyURC_z9-GIX0bRn__fWBR0l5DyNO3FfsPa3tkVQ_9XmaVMI1IkP3L8Ax83Byebr5JsobWxQvn4kLn9eEr8mAcdioGPdZVGc2TnAK_D2JeGBuMSxK2qLKwRQ4K1smO3WRiW7yXO0_xOAvLodXozp4GrbFRZ79aHCtTBBTFlEy2HNzTWnkW_bZgLPxWfTCFcgNRJXumE9vHEXpaOjIAUPfOp2y8847QE2WlAOPRPAt4._IxafIAjFicpDheD5_1HWWWLoTCos6z9OkRfTa_qAUI&dib_tag=se&keywords=laptops&qid=1780908160
"Lenovo IdeaPad Slim 3, 12th Gen Intel Core i5-12450H (16GB LPDDR5, 512GB SSD), Anti-glare, FHD 15.6""(39.6cm), Win 11, Office Home 2024, Arctic Grey, 1.62Kg, 83ER00MDIN, Thin & Light, Backlit KB Laptop",₹63750,4.1 out of 5 stars,https://m.media-amazon.com/images/I/81leoJuYYaL._AC_UY218_.jpg,Organic,https://www.amazon.in/Lenovo-IdeaPad-i5-12450H-Anti-glare-83ER00MDIN/dp/B0FH71SN5N/ref=sr_1_82?dib=eyJ2IjoiMSJ9.GVyURC_z9-GIX0bRn__fWBR0l5DyNO3FfsPa3tkVQ_9XmaVMI1IkP3L8Ax83Byebr5JsobWxQvn4kLn9eEr8mAcdioGPdZVGc2TnAK_D2JeGBuMSxK2qLKwRQ4K1smO3WRiW7yXO0_xOAvLodXozp4GrbFRZ79aHCtTBBTFlEy2HNzTWnkW_bZgLPxWfTCFcgNRJXumE9vHEXpaOjIAUPfOp2y8847QE2WlAOPRPAt4._IxafIAjFicpDheD5_1HWWWLoTCos6z9OkRfTa_qAUI&dib_tag=se&keywords=laptops&qid=1780908160
"HP 15 (2025), Intel Core i5 13th Gen 1334U - (32 GB/512 GB SSD/Intel Iris Xe Graphics/Windows 11 Pro) Thin and Light Business Laptop/15.6"" FHD Display/Fingerprint Reader/Ash Grey/1.5 kg/MS Office 2021",₹84999,5.0 out of 5 stars,https://m.media-amazon.com/images/I/71K3Oh9j6WL._AC_UY218_.jpg,Organic,https://www.amazon.in/HP-15-Intel-Core-1334U/dp/B0FP9YG3V4/ref=sr_1_83?dib=eyJ2IjoiMSJ9.GVyURC_z9-GIX0bRn__fWBR0l5DyNO3FfsPa3tkVQ_9XmaVMI1IkP3L8Ax83Byebr5JsobWxQvn4kLn9eEr8mAcdioGPdZVGc2TnAK_D2JeGBuMSxK2qLKwRQ4K1smO3WRiW7yXO0_xOAvLodXozp4GrbFRZ79aHCtTBBTFlEy2HNzTWnkW_bZgLPxWfTCFcgNRJXumE9vHEXpaOjIAUPfOp2y8847QE2WlAOPRPAt4._IxafIAjFicpDheD5_1HWWWLoTCos6z9OkRfTa_qAUI&dib_tag=se&keywords=laptops&qid=1780908160
"HP 255 G10 Laptop for Home or Work, 16GB RAM DDR5, 512GB SSD, 15.6"" Full HD, Ryzen 3 7335U (Beats Intel i5-1135G7), HDMI, USB-C",₹51850,4.3 out of 5 stars,https://m.media-amazon.com/images/I/71tvlUVzTwL._AC_UY218_.jpg,Organic,https://www.amazon.in/HP-255-Laptop-i5-1135G7-Windows/dp/B0DCSYTVDD/ref=sr_1_84?dib=eyJ2IjoiMSJ9.GVyURC_z9-GIX0bRn__fWBR0l5DyNO3FfsPa3tkVQ_9XmaVMI1IkP3L8Ax83Byebr5JsobWxQvn4kLn9eEr8mAcdioGPdZVGc2TnAK_D2JeGBuMSxK2qLKwRQ4K1smO3WRiW7yXO0_xOAvLodXozp4GrbFRZ79aHCtTBBTFlEy2HNzTWnkW_bZgLPxWfTCFcgNRJXumE9vHEXpaOjIAUPfOp2y8847QE2WlAOPRPAt4._IxafIAjFicpDheD5_1HWWWLoTCos6z9OkRfTa_qAUI&dib_tag=se&keywords=laptops&qid=1780908160
"HP 15, AMD Ryzen 5 7520U (16GB DDR4, 512GB SSD) FHD, Anti-Glare, Micro-Edge, 15.6''/39.6cm, Win11, M365 Basic(1yr), Offic24, Silver,1.59kg, fc0806AU, FHD Camera w/Privacy Shutter, Backlit Laptop",₹63990,N/A,https://m.media-amazon.com/images/I/71FVyverqHL._AC_UY218_.jpg,Ad,https://www.amazon.in/sspa/click?ie=UTF8&spc=MTo1NjY5NzIxMzMxNDM1MzY4OjE3ODA5MDgxNjA6c3BfYnRmOjMwMTA3MDIzMzE3OTkzMjo6MDo6&url=%2FHP-Anti-Glare-Micro-Edge-Offic24-fc0806AU%2Fdp%2FB0GTVDH4G2%2Fref%3Dsr_1_85_sspa%3Fdib%3DeyJ2IjoiMSJ9.GVyURC_z9-GIX0bRn__fWBR0l5DyNO3FfsPa3tkVQ_9XmaVMI1IkP3L8Ax83Byebr5JsobWxQvn4kLn9eEr8mAcdioGPdZVGc2TnAK_D2JeGBuMSxK2qLKwRQ4K1smO3WRiW7yXO0_xOAvLodXozp4GrbFRZ79aHCtTBBTFlEy2HNzTWnkW_bZgLPxWfTCFcgNRJXumE9vHEXpaOjIAUPfOp2y8847QE2WlAOPRPAt4._IxafIAjFicpDheD5_1HWWWLoTCos6z9OkRfTa_qAUI%26dib_tag%3Dse%26keywords%3Dlaptops%26qid%3D1780908160%26aref%3D3DYrBYXBVr%26sp_csd%3Dd2lkZ2V0TmFtZT1zcF9idGY%26psc%3D1&aref=3DYrBYXBVr&sp_cr=ZAZ
"Lenovo Ideapad Slim 3, 13th Gen Intel Core i7 13620H, 16GB RAM, 512GB SSD, WUXGA IPS, 15.3""/38.8cm, Win 11, Office 2024, Top Metal Cover Grey, 1.6Kg, 83K100CJIN/S1IN, Backlit KB, Laptop",₹79990,4.2 out of 5 stars,https://m.media-amazon.com/images/I/71IjxF4prWL._AC_UY218_.jpg,Ad,https://www.amazon.in/sspa/click?ie=UTF8&spc=MTo1NjY5NzIxMzMxNDM1MzY4OjE3ODA5MDgxNjA6c3BfYnRmOjMwMDk2MTU0OTkxNjgzMjo6MDo6&url=%2FLenovo-Smartchoice-I7-13620H-Keyboard-83K100CJIN%2Fdp%2FB0F2162VGQ%2Fref%3Dsr_1_86_sspa%3Fdib%3DeyJ2IjoiMSJ9.GVyURC_z9-GIX0bRn__fWBR0l5DyNO3FfsPa3tkVQ_9XmaVMI1IkP3L8Ax83Byebr5JsobWxQvn4kLn9eEr8mAcdioGPdZVGc2TnAK_D2JeGBuMSxK2qLKwRQ4K1smO3WRiW7yXO0_xOAvLodXozp4GrbFRZ79aHCtTBBTFlEy2HNzTWnkW_bZgLPxWfTCFcgNRJXumE9vHEXpaOjIAUPfOp2y8847QE2WlAOPRPAt4._IxafIAjFicpDheD5_1HWWWLoTCos6z9OkRfTa_qAUI%26dib_tag%3Dse%26keywords%3Dlaptops%26qid%3D1780908160%26aref%3D1d0KZd47QZ%26sp_csd%3Dd2lkZ2V0TmFtZT1zcF9idGY%26psc%3D1&aref=1d0KZd47QZ&sp_cr=ZAZ
